MOON_DATE_NUMBER,DAY_CHARACTERISTICS,INFLUENCE_ON_PERSONALITY,BUSINESS,HEALTH,HAIRCUT,RELATIONS,MARRIAGE,BIRTHDAY,RECOMMENDATIONS,WARNINGS,DREAMS,MANICURE,DIET,SHOPPING,GARDEN
1,"初日の出は、月全体の基盤となります。この日は、願いを叶える魔法のクリスマスに非常に似ています。計画や夢は実現する可能性が高いですが、復讐に関連していない場合、そしてあなたの意図が無害である場合に限ります。

初日の出は、あなたの人生の本の新しい章を示すサイクルを開きます。今日考えることは、今月中に実行されるべきです。この日は、今後30日（31日）の適切な計画を立てるために非常に重要です。この日を無駄に過ごすと、全月が無駄になるでしょう。初日の出は常に明るく清らかであるべきで、あなたの思考もそうであるべきです。

ネガティブな思考を生活に入れないように、ポジティブに考えるようにしましょう。悪い考えが心に忍び込んできたら、すぐにそれを取り除いて形を取らせないようにする必要があります。この日に誰かに悪を願うことはできません、それはあなたに反対する結果を招くかもしれません。",この清らかな日は、善と光に満ちています。しかし、月のサイクルは始まったばかりで、行動する力が不足しています。いくつかの計画やプロジェクトを立てることはできますが、行動に急ぐ必要はありません。初日の出は、あなたの人生を手に入れ、望むものを達成する可能性を与えてくれます。,大きな決定は、より良い時まで延期してください。今日はビジネスの問題、交渉、集団行動には良い日ではありません。ビジネスに必要な助けは、情報資料から得ることができます。この日は財務問題には好ましくありません。初日の出では、お金には特別な態度が必要です：借りたり、借金を返済したり、通貨を変更したりしてはいけません。,今、あなたの免疫システムはかなり脆弱であり、体は新しいエネルギーを蓄積しています。初日の出は、脳と頭の前面に関連しています。過労を避け、アルコールを飲まず、辛い食べ物や非常に熱い食べ物を避けてください。,"初日の出は、髪を切るには好ましくない日です。髪を切ることは、人間の寿命を短くすると信じられています。新月の翌日にはエネルギーが不足しているので、力を温存してください。健康だけでなく髪にも気を配り、髪を切らず、エクステンションを使用しないでください。髪が風に揺れないように、きついお団子や編み込みを作って、生命エネルギーを浪費しないようにしましょう。

自然な染料での髪の染色は、同僚との温かい関係を促進します。

ネガティブなエネルギーから自分を守るために、髪を編むことを試みてください。今日は、あなたの直感が鋭くなります。",この日は許しを促進しますので、必要な人を許してください。それがあなたの計画を加速させます。,この日は祝いや結婚式には好ましくありません。あなたの生活状況を評価し、正しい決定を下してください。すべてを完全に決定した場合は、結婚の準備をし、計画を立て、障害なく楽しむことができます。,初日の出に生まれた人々は、長寿を享受する可能性が高いです。彼らは常に何か素晴らしいことを期待しており、止まることなく、英雄的な行動ができる能力を持っています。直感は大きな成果をもたらすので、それに耳を傾ければ、あなたの最良の瞬間を逃すことはありません。,初日の出は行動の時ではありません。新しいサイクルが始まったばかりで、力が不足しています。今日は直接始めるよりも、物事を考え直す方が良いです。初日の出は計画を立て、プロジェクトを草案するのに最適な瞬間ですが、誰にも話さないようにしてください。すべてをできるだけ鮮明に想像してください。この日は、考えたことが自然に、緊張なく起こる可能性が高いという設計を持っています。これは清らかな日です。,サイクルは、前のサイクルが不完全であった場合、危険のリスクが高まることがあります。すなわち、30日目が欠けていた場合です。初日の出に計画を立てることは危険であり、不幸を招く可能性があります。,"初日の出の夢は予言的と見なされ、正しく解釈されれば実現する可能性があります。夢の本のページで見た物体を必死に探す必要はありません。選択的でいてください。

悪い夢を見た場合は、すぐに忘れてください。そうしないと、気分や健康に影響を与える可能性があります。心を制御しなければ、あなたはこの夢に思考を戻し続けることになります。これがあなたのパフォーマンスに影響を与え、気分を台無しにします。

夢の中で見た明るく心地よいイメージに焦点を当ててください。それらは新しいサイクルに対するポジティブな態度を形成します。

初日の出では、今月中に構築するものの基盤を築くべきです。ネガティブに屈しないでください。楽観的でいてください。","今日はネイルサロンに行くのを避けてください。爪に関するあらゆる手遊びは、失望や爪の健康の悪化を招く恐れがあります。最良の解決策は、美しい手に保湿クリームを塗り、栄養オイルをこすり込むか、爪のために塩風呂を楽しむことです。コーティングを取り除き、爪が呼吸できるようにしてください。今日は爪が脆弱なので、増やしたり、化学物質を塗布したりするのは避けてください。

爪の健康に良い効果をもたらすネイル治療のコースを始めることも素晴らしい解決策です。ラベンダー、ユーカリ、ティーツリー、ヒノキオイルなどの天然オイルを含む製品を使用する手続きを選んでください。治療用のマニキュアを塗布することも、爪の構造を改善することができます。

初日の出のサイクル中にサロンに行くと、風邪の頻度が増加し、免疫システムの一般的な悪化が起こる可能性があります。カルマのつながりが薄れるため、寿命が短くなることさえあります。愛する人との口論も可能です。

心の平和を保ちたいなら、一日を一人で過ごし、あなたの願望や目標に集中してください。重要な決定を下すのは避けてください。",ダイエット。この期間中、あなたの体は自然に月全体に調整されています。アルコール、コーヒー、濃いお茶を飲むのは控えてください。これらは体の適応を妨げ、あなたの人生の残りの間に生物学的プログラムに深刻な混乱を引き起こす可能性があります。この月の初日に行われたすべてのことは、カルマ的な印象を持っています。この時期に肉や他の重い食べ物を食べるのは避けてください。初日の出では、体内での石の形成プロセスが強化されるためです。ベジタリアンダイエットがこの期間には理想的です。,初日の出は、いかなる購入にも好ましくありません。ましてや、クレジットで何かを買うことは避けてください。,"初日の出は以下に好ましいです：
病気の、枯れた芽や植物、その枝や芽をすべて取り除いてください。雑草からエリアを解放してください。庭や野菜畑で害虫に対する処置を行ってください。野生植物の芽を切ってください。剪定の際には注意が必要で、さもなければ植物がすぐに枯れる可能性があります。

初日の出には推奨されません：
植物を植えること。野菜や花の種をまくこと。苗を土寄せすることや土を緩めること。木を接ぎ木すること。"
2,"始まりの日。前日に計画した重要なことに取り組み始めることができますが、月の昼の後半のみです。一方、昼の前半は、野心や攻撃性が高まるため、計画を続けることが望ましいです。

攻撃性のエネルギーがあなたの計画を妨げないように、コミュニケーションを控える方が良いでしょう。昼の後半はより好ましく、作業能力が高まり、科学的および実践的な活動が活発になります。今はどの分野でも新しい知識を習得するのに適した時期です。

この日は創造的なエネルギーに満ちています：昨日計画したすべてを実行し始めることができます。

この日、月はあなたの周りの多くのことに対する態度を理解することを許してくれます：メニューから愛する人まで。内なる声に耳を傾ければ、多くの疑念を晴らし、選んだ道が正しいものであると確信できるでしょう。",エネルギー場の拡大の日は、感情を鋭くし、判断に影響を与えることがあります。対立や不必要な攻撃を避けるために、感情をコントロールしてください。,ビジネスや財務問題に対して好ましい日ですが、昼の後半にそれを進めるようにしてください。,健康に気を使い、体を浄化するのに良い日です。今日のエネルギーは食欲を刺激しますが、食べ物には選択的であり、体に注意を払ってください。この日に病気になった人が早く回復するのは良い兆しです。身体活動：特に体に注意を払い、今日は1ヶ月分の力を蓄えています。プールやジムに行くことを検討してください。,"2日目の髪を切ることは健康のエネルギーを高めます：すべての感覚の状態が改善され、消化器系と排泄系がより活発に働き、脳の循環が正常化します。

2日目は行動の日であり、あなたの生活に入るすべての新しいものは利益をもたらします。美容院にとって素晴らしい日です。髪は切った後に力を得て、すぐに再生します。新しい髪型やスタイリングオプションを試すことを恐れないでください。

アドバイス。髪のエクステンションには好都合な時期ですが、自然な髪を使用することを確認してください。今日はウェルネス処置を受けると、髪が輝きます！

今日、髪を切る気がない場合は、新しい髪型を探してみてください。

自然な染料での髪の色付けは、お金のエネルギーを引き寄せます。

ヘアスタイル。ヘアスタイルに関する実験はすべて許可されています！エネルギーはあなたの中に蓄積されています。",積極的なコミュニケーションは控えることをお勧めします。,"結婚には悪い日です。月は望ましくない位置にあります。役所に急ぐのではなく、今後の変化について考え、本当に必要かどうかを理解する方が良いでしょう。結婚は本当に重要なステップであり、全責任を持って臨むべきです。祝賀は別の日に延期し、今日は楽しい雑用に時間を使ってください。

この月のフェーズは結婚には不利です。別の時期を選んでください。",2日目に生まれた人々は強い身体的潜在能力を持ち、通常は厳格なダイエットを必要とせず、肥満になることは稀です。彼らはしばしば家族を大切にする人々であり、強い家族の価値観を持っています。,昼の前半は計画を立てるのに好都合ですが、秘密にしておく方が良いでしょう。今日示される寛大さと親切は非常に適切です。誰かに贈り物をしてください。今日貸したお金は全額、時間通りに返ってきます。慈善活動は非常に適切です。警告：怒りを避けてください。訴訟には悪い日です。,熱い感情や怒りを避けてください。訴訟には悪い日です。,"2日目に見る夢は、私たちの直感によって考案されているため、解読が難しいです。しかし、もし正しく解釈できれば、私たちの未来の構築方法に影響を与える啓示を得ることができます。

もしあなたが岐路に立っているか、困難な状況にあり、正しい解決策を探しているなら、これらの夢を真剣に受け止めてください。彼らは手がかりを持っているかもしれません。

解釈のために専門家に相談してください。そうでなければ、あなたが感じている何かを現実の何かと混同し、夢が示した方向とは異なる方向に進むことになります。

2日目は創造と直感の時です。","爪に健康的な処置を施したり、新しいポリッシュを塗ったりするのは、今日の良いアイデアです。この日に行うトリムマニキュアは、爪を強くし、すぐに再生します。また、今までやったことのない処置を選んでみてください。ついに爪を伸ばす時かもしれません。結果は期待を超えるでしょう。爪の形を変えて、より四角くすることを試みてください。この形は常に流行しています。

ウェルネス処置は、自然な治療法を選べば、爪板に良い影響を与えます。手の皮膚を治療し、爪を強化するために塩水溶液の使用が推奨されます。カラーリングは通常よりも長持ちしますが、今日は爪があなたが塗るものを吸収する準備ができているため、驚くことではありません。しかし、楽しみと組み合わせると、新しいイメージが争いを引き起こし、あなたの近くの人々との対立を引き起こすことがあります。
その結果を避けるために、からかいに反応せず、自信を持ち、自尊心を失わないようにしてください。",2日目は、1日目と同様に、アルコール、ニコチン、肉、脂肪の多い食べ物を控えるようにしてください。コーヒーは適度に摂取してください。過食を避けてください。過食は塩分の蓄積、関節炎、骨の痛み、痛風を引き起こす可能性があります。2日目に最も賢明なことは、軽い食事を摂ることです。この日は食中毒や、普段食べている食べ物に対する予測不可能な反応を伴うことがあります。覚えておいてください、食べ物がシンプルであればあるほど、良いのです！,"2日目には、本当に必要なものだけを購入する価値があります。今月の計画を達成するのに役立つもの。
例えば、ノートパソコン、いくつかの道具、社交する社会に適した衣服など。言い換えれば、社会でより効率的に生きることを可能にするものや、生活を楽にするものです。小物や不必要なものの購入は避けてください。2日目に衝動買いをすると、月の間に無駄な浪費を引き起こす可能性があります。","2日目は以下に最適です：
植え付けや移植。葉物、緑、メロン、果物作物の播種。低木や樹木の移植と植え付け。鉱物肥料。水やり、できれば根元への水やり。苗の準備と根付かせること。土地の耕作。接ぎ木と再接ぎ木。

2日目に推奨されないこと：
樹木や低木の枝の除去や短縮を行うこと。"
3,"その日から、空に三日月が現れ、新しい月（新月）が始まります。エネルギー的に、この日は非常に強力で、特に生産的になれる日です。エネルギーの成長は圧力と攻撃性を引き起こすため、自己防衛に心を配り、慎重かつ用心深く行動してください。

第三の月の日は、エネルギーの観点からすべての月の日の中で最も強力であり、そのエネルギーは生活のすべての領域に浸透します。朝から、人は活力とエネルギーの充電を感じて目覚め、このエネルギーを正しい方向に向けることが重要です。そうしなければ、目覚めたエネルギーが内側からあなたを焼き尽くすことになります。

このような感情の高まりは、無謀な行動や不合理な攻撃性、周囲の人々への継続的な苛立ち、さらには残酷さに繋がることがあります。感情が私たちを支配することがあり、その攻撃を抑えるためには大きな意志が必要です。そうできなければ、自分自身や他の人を傷つけ、運命を壊すリスクがあります。まさに第三の月の日には、人々は口論、スキャンダル、さらには肉体的な対立にさらされます。しかし、明るい面として、まさにそのような状況があなたに学びの瞬間を提供することがあります：毒性から自分を引き離し、あなたを心地よく安全に感じさせる何かを考えることを学びましょう。この日は、自己制御、意識、精神的バランス、集中力などの資質を育むのに最適です。",その日から、空に三日月が現れ、新しい月が始まります。エネルギー的に、この日は非常に強いです。今日は多くのことができます。しかし、エネルギーの成長は圧力と攻撃性を引き起こすため、自己防衛に心を配り、被害者にならないように警戒してください。,仕事において決意と粘り強さを持ってください。今日はリーダーでなければなりません。他の人が好戦的な態度を持っているかもしれませんが、あなたの苛立ちや怒りを抑えるようにしてください。この日は上司やクライアント、パートナーが友好的でないかもしれません。最も難しいタスクを引き受け、挑戦に取り組むことをためらわないでください。取引活動は成功をもたらし、新しい展望が現れるかもしれません。お金に関しては注意が必要です。この日はお金の問題を解決するのに適しておらず、したがって損失の可能性があります。,この月の日に始まった病気や怪我は、即座の対処が必要です。今日はサウナに行くことを考えてみてください。運動も有益で、強度を上げることができます。自然自体が体を停滞したエネルギーから浄化し、血液に酸素を供給するのを助けます。この日は武道のトレーニングに適しています。特に、相手のエネルギーを利用して勝つための合気道を習得するのに最も適した日です（肉体的だけでなく、心理的にも）。,"第三の月の日には、リスクを冒さず、美容院への訪問をキャンセルする方が良いでしょう。髪に関する操作は控えてください。今日のカットは、髪に害を及ぼす可能性があります。

自然染料によるヘアカラーはキャリアの成長を促進します。

朝と就寝前に、髪をしっかりとブラッシングするために少し努力と時間をかけてください。これにより血流が促進され、髪の成長が促されます。1日に50本から100本の髪が抜けるのは正常ですので、毎日髪をブラッシングすることで、抜けた髪を取り除き、人生にポジティブなエネルギーを引き寄せる手助けになります。",第三の月の日は、口論や物事の整理には適していません。この日の活発なエネルギーは、リーダーシップを巡る感情的な戦いを引き起こすかもしれません。攻撃性を抑え、内心は堅実でありながら外交的に振る舞うことが望ましいです。この日は言葉に力があり、怒りの言葉が不快な状況を引き起こす可能性があります。言葉に注意してください。,"第三の月の日は結婚には不利です。この日は新婚夫婦の感情状態に害を及ぼす可能性があります。周囲のすべてがスキャンダルや対立を引き起こす可能性があり、将来的には悲しい結果、場合によっては結婚のキャンセルに繋がることがあります。

今日の結婚式は、家族生活に慌ただしい出来事や予測不可能な状況をもたらすかもしれません。

ただし、これは静かな恋人同士にのみ当てはまります。もしあなたのカップルが輝いていて、冒険や熱い感情を愛し、アクティブなスポーツを共に楽しんでいるなら、何もあなたたちがこの日に結婚するのを妨げるものはありません。あなたの結婚式を明るく、記憶に残るものにしてください。",第三の月の日に生まれた人は、優れたアスリートになったり、軍事分野や研究分野、圧力と決意を必要とするあらゆる分野で優れた成果を上げることができます。,今日は行動の日ですので、食事や睡眠のための最小限の中断で、仕事に完全に専念することができます。これまで夢見ていたなら、今日は行動を起こす時です。ただし、午前中はあまり好ましくなく、コミュニケーションに関連するさまざまなトラブルが発生する可能性があります。ネガティブな感情を抑えれば、午後には価値ある結果が得られるでしょう。,この日はさまざまな危険に満ちているため、注意が必要です。この日はアクティブに過ごしてください。平和的な目的のために力を使いましょう。この日のサインはこぼれた油であり、道を外れ、不快な状況に陥る可能性があることを意味します。,"今日、非常に表現力豊かで記憶に残る夢を見ることがあっても驚かないでください。それらはあなたのエネルギー的な潜在能力を示し、成功するためにどの方向に進むべきかを教えてくれます。

第三の月の日の夢では、しばしば人にとって重要な課題が解決されます。たとえば、夢が抑圧的で不快なものであれば、あなたが置かれている状況がどれほど困難であるかを示しています。夢が軽やかであれば、あなたは手元の課題にうまく対処しているので、心配せずにそのまま進んでください。

もし、あなたが与えられた課題を解決できないと感じたり、疑念を抱いたりする場合は、自分のエネルギーレベルや活力に注意を払ってください。身体的な運動、精神的な実践、瞑想、ヨガなどの方法を考慮してください。これらは、第三の月の日のエネルギーを正しい方向に向けるのに役立ちます。","第三の月の日は、爪の処理には適していないため、別の日を選んでください。代わりに、自己ケアを楽しみ、好きなクリームを塗り、外見の他の側面に気を配ってください。オイルを使ったトリートメントも良い効果があります。ラベンダーオイルは、ティーツリーオイルと組み合わせると最も効果的です。これらのオイルを温水に数滴加え、手を浸し、数分間静けさを楽しんでください。

ただし、重要なイベントが近づいていて、ネイルスペシャリストとの予約を変更できない場合は、シンプルなネイルカラーを選んでください。爪を伸ばさず、シェラックの塗布を避けてください。馴染みのある自然な色を選ぶか、ベージュやピンクの色合いを試してみてください。爪の形を変えることは今日避けるべきであり、これは人生に悪影響を及ぼすことになります。

ウェルネス処置も有益です。必要に応じて、爪のトリートメントコースを開始してください。もし脆い爪があなたの悩みの種であれば、強化治療用のマニキュアを塗ってみてください。特に、自然な爪ケア製品を使用することで良い結果が得られます。

エソテリックな観点から見ると、この日は手のスキンケアには適していません。これは、あなたに金銭的な困難をもたらし、健康を弱める可能性があります。気分の変動や親しい人との対立が起こる可能性があります。心の平和をリスクにさらすべきではありません。",この月の日には、たくさんの辛いスパイス（チリ、黒胡椒、生姜、クローブ、マスタード、ホースラディッシュ、ニンニク、シナモンなど）を使った料理を自分にご褒美として与えることが推奨されます。また、食事に肉を含めることもできます。さらに、「活発な」動物、たとえば羊の肉が好ましいですが、牛肉は避けるべきです。鶏肉料理は控えめに摂取する方が良いです。この月の期間は活発な行動の時期であるため、体は特定の鎮静状態にある必要があり、この期間中は過剰な浄化行為は禁止されています。,第三の月の日には買い物を避けてください。代わりに、市場を研究したり、ショッピングを楽しんだりしてください。第三の月の日に、たとえ小さな緊張した状況が発生した場合、それは撤退すべきサインと考えてください。その物はあなたに喜びをもたらすことはなく、さまざまな問題や失望を引き起こすでしょう。大きな購入、たとえば車、大型家電、不動産などは絶対に避けてください。これはあなたの財政状況に悪影響を及ぼします。,"第三の月の日は、以下に最適です：
速成作物の植え付け、移植、播種、特に地上部が食用であるもの（葉物野菜、豆、ナス、キュウリ、ズッキーニ、カボチャ、トマト、トウモロコシ、スカッシュ、エンドウ、ハーブ、ピーマン、キャベツ、イチゴ、ヒマワリなど）。花作物、芝生、薬用植物の植え付け、移植、播種。土壌の耕し、雑草取り、鉱物肥料の施用、苗の間引き。挿し木の切り取り、根付けの準備、根付け自体；接ぎ木。果物の収穫。"
4,"第四の月の昼は、多くの人々が内なる平和、睡眠、さらには食欲を失う傾向があります。人生に悪いことが起こっているわけではないのに、私たちの内側で不安が増していくようです。これは、この日の二重性によって説明されます：月は人に善の光と悪の闇の間で真剣な選択をさせます。

まず第一に、この日には、人々が戦略的または重要な決定を下す傾向があり、それには大きな責任が伴います。その多くは、良心と個人的な利益の間での痛みを伴う選択となるでしょう。この日には真実と正義の道を歩むことができる人は少ないです。

第二に、この日には過去の回想にふける傾向があります。しかし、それは私たちが思い出に浸りたいような心地よいものではなく、むしろ恥ずかしいこと、否定的な結果をもたらした行為や多くの後悔を伴うものです。これらの回想は、この日に私たちを苦しめるかもしれません。",今日は誘惑に陥りやすく、善と悪の間で揺れ動き、暗い側面に引き寄せられるかもしれません。日中の後半は、気分が悪化することを約束しています。対立の状況が生じるかもしれません。冷静を保ち、対立や口論を避けてください。,ビジネスを改善するための努力は、非常に短期間で実を結び、この日に投資した以上の繁栄をもたらすでしょう。この日は情報、文書、アーカイブに関する静かな作業を好みます。新しいビジネスを始めたり契約を結んだりすることはお勧めできません。自分の状況を見直し、もし間違いがあった場合は、今日がこの月のサイクルで修正できる最後の機会です。財政的には、この日は活発とは見なされません。上司、パートナー、クライアントは自分の問題について考えており、他人のビジネスには関心を持っていません。人生を変える決定は別の日まで延期してください。仕事を辞めるには悪い日です。月の昼の前半は取引に好都合ですが、金銭に関する決定は延期する方が良いでしょう。財政的な受け取りに遅れが生じる可能性があり、したがって、今日は期待していた金額を受け取れないかもしれません。,もし今日体調が優れない場合は、家族の医者に相談してください。健康に注意を払い、そうでなければ合併症のリスクがあります。この日は塩を使った入浴やスパの手続き、サウナに最適で、今日は水があなたの体と精神に新しいエネルギーを注ぎ込み、不要なものを洗い流します。公園で散歩したり音楽を聴いたりする時間を見つけるか、都市を離れて自然の中に出かけてください。,"第四の月の昼に髪を切るのは最良のアイデアではありません。ビジネスや個人的な計画を妨げる可能性があります。髪型は成功しないでしょうし、ラミネーションは髪を傷め、さらには薄くする可能性があります。ウェルネスマスクからも期待する効果は得られず、時間を無駄にするだけです。美容院に行ったり、外見を変えたりすることは避けてください。これらの推奨を無視すると、あなたの気分を台無しにし、心理的および身体的健康を危険にさらすリスクがあります。

自然染料でのヘアカラーは、キャリアと物質的基盤を強化します。

ヘアスタイル。シンプルな日常のヘアスタイルは、あなたのエネルギーを高めます。",今日は穏やかな日です。協力的な人々に出会うでしょう。静かな家事をしたり、家族とリラックスしたり、屋外に出かけたりすることができます。この日は物事を解決したり、誰かと対立したりするのには好都合ではありません。今日は親戚や両親を訪れてください。彼らに思いやりのある態度を示し、愛と優しさを分かち合ってください。彼らにどれだけ愛しているかを思い出させてあげてください。この日は家族や近しい人たちと過ごすのが最良です。,"極端な日の「悪」と「良」、そして「はい」と「いいえ」の日です。この日に結婚すると、新婚夫婦は相互理解のリスクを抱え、喧嘩やスキャンダルに満ちた厳しい生活を送ることになるでしょう。

結婚や婚約には好都合ではない日です。家庭生活は喧嘩で満たされ、家は冷たくなり、相互理解を得ることが非常に難しくなります。

不貞や非難。離婚のリスク。",第四の月の昼に生まれた人々は、親の注意、ケア、教育的努力を必要とします。幼少期から、彼らは他者や自分自身にとって完全に理解されないことがあるかもしれません。しかし、内なるパズルを解決することができれば、彼らは素晴らしい人々に成長します。,日常の業務、現在の事務、情報作業、書類作成を行うのに最適な日です。知恵と慎重さを取り入れ、急いだ決定を避けてください。この日は失くしたものや人を見つけるのに好都合です。取引には良い日ですが、旅行には悪い日です。どんな活動も考慮して行う必要があります。,この日はチームワークには好都合ではありません。この日のネガティブなエネルギーは、対立や衝突を引き起こす可能性があります。自然に対して思いやりのある態度を示してください。花を摘んだり木を切ったりすることはお勧めできません。,"第四の月の昼の夢はしばしば情報を含み、予言的な意味を持つことがあります。正しく解釈すれば、人生の正しい道を示してくれるかもしれません。
夢の中で見たものが、現実で修正が必要な過去の間違いのヒントであるかもしれないサインを探してください。夢で見たことと、あなたを取り巻く現実を結びつけてみてください。

そのような夢は両義的であり、全体の日もそうです：誤解されると、望ましいものを現実のものと取り違え、誤った決定を下すことになり、混乱を招き、さらに深いジャングルに迷い込むことになります。したがって、夢が何かを意味していると確信している場合は、専門家の助けを求めて、正しく理解し、その知識を自分の利益のために活用してください。

夢の中で両親を見ることがあるかもしれません。これは、あなたが彼らから受け継いだ問題を分析し、蓄積された問題を解決し始めるべきという指示かもしれません。夢の中で危険に直面した場合、これは警告ですので、特に注意してください。","第四の月の昼は爪の手入れには適していません。これは、イメージを変えようとするには最も不利な日です。トリムマニキュアは爪の状態に抑うつ的な結果をもたらし、その後の治療と回復には数ヶ月かかります。今日爪を切ることで、あなたの財政状態や近しい人との関係にも悪影響を及ぼす可能性があります。マニキュアはだらしなく見え、爪のラミネーションは目に見えて増加します。

どんな実験も失敗する運命にあり、それは確実にあなたの気分に影響を与えます。周囲の人々もあなたの失敗に気づき、からかうチャンスを逃しません。今日は美容処理、エクステンション、シェラック、その他のコーティングを忘れてください。そのような介入の結果は、あなたの最も控えめな期待を大きく下回るでしょう。

ただし、ホームネイルケアは受け入れられます。特に爪の状態を回復するためのオイルを使用する場合は効果的です。ココナッツオイルが最も効果的です。少量のオイルを爪に塗り、10〜15分間放置します。これにより、爪が強化され、ささくれの数が減少します。

衝動的な決定はあなたの体を弱め、ウイルス感染に対する抵抗力を低下させるので、注意してください。この日は取引や金融取引には適していません。今日は家族と過ごすか、孤独を楽しんでください。",第四の月の昼には、煮た野菜やサラダを摂取することが望ましいです。今最も重要なのは、アレルギーや望ましくない反応を引き起こす可能性のある曖昧な製品をメニューから取り除くことです。人工的な起源の製品やエキゾチックな製品は避けてください。レモンバーム、カモミール、ミントなどの鎮静作用のあるハーブティーは、健康に良いでしょう。,"第四の月の昼には、買い物を控える方が良いです。特にそれが突発的な欲求である場合は。急いだ決定は裏目に出ることがあります。特に高価なものに関してはそうです。代わりに、何を買うか、そして本当にお金を使う価値があるのかを考えてみてください。必要な場合は、今日は衛生用品に関連する小さな購入のみを行うことができます。例えば、歯ブラシ、スポンジ、石鹸、ウェットティッシュなどです。
","第四の月の昼には、以下のことを行うのが良いアイデアです：
植えたり、播種したり、再植えを行ったりします。有機肥料を追加します。切り枝を収穫し、接ぎ木を行います。計画にたっぷり水を与えます。これは堆肥の山にも当てはまります。地上に生える果物を収穫します。

第四の月の昼には推奨されないこと：
植物の剪定"
5,"この日は活動に適しており、人生を変える月の一日です。決意を持って心を定めたとき、あなたの計画とその実行を特に支持します。第五の月の日は、さまざまな生活の領域での真剣な変化に適していますが、新しい可能性を通じてではなく、むしろ既存の状況や道具の発展と改善を通じてです。徹底的な調査を行い、すべての利点と欠点を考慮した場合でも、変化を追求することができます。

この日はすべての面で調和があり、身体と心を完璧なバランスに導き、精神的な発展が身体的な発展によって補完されます。精神的な実践やスポーツで素晴らしい成果を上げることができます。

自己分析に適した日です。あなたの人生の目標や見解を考え、必要に応じて趣味や方向性を変えましょう。親切、愛、許しに自分を調整すれば、この方向性はすぐにあなたに贈り物を返し始めるでしょう。

第五の月の日には、感受性が高まり、直感が正しい決断へのガイドとなります。特に環境や健康的なメニューのための製品を選ぶ際に重要です。この日は内なる自分の声に耳を傾け、迷惑な間違いを避けましょう。この日、直感は理性の声に勝ります。",これはあなたの原則に対する忠誠心の試練の日です。信念を守り、あなたは見事にそれを成し遂げるでしょう。他の人の名誉と尊厳のために立ち上がらなければならない場合は、ためらわずに行動してください。真実はあなたの側にあります。この日は創造性を示せばすべてがうまくいきます。しかし、何かに疑念を抱いている場合は、重要な決定を別の日に延期してください。今日はあなたの優柔不断が問題を引き起こす可能性があります。,新しい取り組みを始めるのは避け、未完のものを終わらせましょう。パートナー、上司、同僚は妥協しません。今日失ったものは決して戻ってこないので、あなたの財産に注意してください。金融取引や関連する決定は推奨されません。もし借金があれば、返済してください。,今日何をどのように食べるかに注意を払い、過食や飢えを避けましょう。動物由来の食品は今日制限するのが最適です。ハーブティーを飲むのが有益です。今日の体調に最も注意を払い、病人には即座に必要な支援を提供してください。,"第五の月の日に髪を切ると、創造的なエネルギーが得られ、最高の状態に整えられます。この日は変革と浄化に適していると考えられています。占星術師や神秘主義者は、外見に注意を払うことを推奨します。美容院の予約をしていない場合は、今すぐ行ってください。今日の髪型は、あなたが長い間望んでいたものになり、特徴を引き立てます。同僚や家族はそのポジティブな変化に気づくでしょう。

アドバイス。髪を切った後、髪はより栄養を受け、生き生きと見えるようになります。第五の月の日に髪の先を切ることで、分裂した毛先を一度で取り除くことができます。

髪を切ることで、不要なものを取り除き、新しいエネルギーの流れを促進します。自信が持てるようになり、財政状況も改善されます。健康に関する手続きを忘れずに、今日は特に有益です。

自然染料でのヘアカラーは、ビジネス関係の発展に役立ちます。

ヘアスタイル。髪を高くふんわりとまとめるのが最適です。これが自然のエネルギーを引き寄せます。",この日はオープンで誠実でいて、真の感情や気持ちを示しましょう。午後はデートに最適です。,"結婚には不利な日です。この日に結婚すると、不安定さと多くの不安をもたらします。新婚生活は風のように変わりやすく、頻繁な旅行や職場の変更が表れます。

しかし、お互いなしではいられないパートナーは、全速力で進むべきです！

華やかで豪華な結婚式は魅力的に見え、皆が長い間その話をするでしょう。",第五の月の日に生まれた人々は強い健康を持っています。彼らは一生を通じて、すべての異常で未知のものに引き寄せられます。,この日は旅行に適しています。嫌なことを避けましょう。たとえ悪いことを経験していても、他の人に当たらないでください：少し後に、すべてが最善のために起こったことがわかります。自然の中で一日を過ごすことができます。ビジネスと楽しみを組み合わせる最良の方法は、自然の中で夢見たり考えたりしながら一日を過ごすことです。いずれにせよ、リラックスした歓迎的な雰囲気の中で一日を過ごしましょう。,今日は犯罪者にとって運命的な日になる可能性があります。計画された犯罪行為はすべて明らかになり、誰もがそれに応じて罰せられます。,"精神、直感、感受性が第五の月の日の雰囲気を決定づけており、この日に見る夢には意味があります。

それらを正しく解釈することが重要です。

この日に見る夢に注意を払いましょう。興味深い情報を秘めている可能性があります。今日、眠っている間に泣くと、体が浄化され、すべての内なるシステムが安定していることを意味します。夢が道や移動に関連している場合は、すべてが順調です。もし夢に何らかのトラブルが含まれている場合は、健康に気をつけてください。","第五の月の日は、爪に関するあらゆる行動に最適な時期です。この日に行ったマニキュアは、あなたの表現力を高め、イメージを良く補完します。爪のエクステンションに最適な時期です。今日は、ラインストーンや他の要素を使ったユニークなデザインを選ぶことをお勧めします。

サロンを訪れた後、爪はその美しさと輝きであなたを驚かせるでしょう。あらゆる操作が美しさと満足感をもたらします。他の手続きも同様に成功します。トリムマニキュアと治療手続きを両方ともお勧めします。

今日は、キャスターオイルを除いて、化粧目的でのオイルの使用を制限することをお勧めします。専門家に処方された場合のみ使用してください。爪や手の皮膚に、剥がれや割れが見られる場合はオイルを塗布してください。あらゆる治療が驚くべき効果をもたらします。サロンを訪れた後、ビジネスが改善され、古い問題の解決策が見つかるでしょう。予期しない現金の流入もあるかもしれません。他者との関係も改善されます。同僚は必ずあなたの身だしなみや生産問題を解決する意欲に気づくでしょう。この日は取引を締結し、契約に署名するのに最適です。",これは、月の中で唯一、あなたが摂取するすべての食べ物が完璧に分解され、消化され、体内のすべての健康的な栄養素が処理され、組織に浸透する日です。しかし、今日は粗い食べ物、肉、アルコールを避けるべきです。これらは代謝を遅くし、体内の自然なプロセスを妨げます。変化は最も微細なレベルで起こり、重い快適な食べ物を食べることでそれに干渉すると、変革の代わりに、体は投入したものを処理し、毒素を取り除くために不必要なエネルギーを費やさなければならなくなります。これは、免疫およびエネルギーシステムに深刻な障害を引き起こし、非常に深刻な病気につながる可能性があります。変革が起こらない場合、細胞は環境の変化に反応できず、ストレス耐性が低下します。その結果、体はどんな機械と同様に、非常に早く劣化し、深刻な病気、しばしば慢性的な病気につながります。,第五の月の日には、何でも購入できます。購入は小さなものから大きなものまで可能で、今日はアパートを購入することさえできます。しかし、非常に注意が必要で、調査を行い、その後取引を締結してください。これは不安定な期間であり、何らかの幻想や欺瞞が起こる可能性があります。すべてを注意深く検査し、確認してから購入してください。また、今日は物々交換から低品質の商品をより良いものに交換するための好機でもあります。,"第五の月の日は次のことに適しています：
植え替えと再植えは、根が主に栄養に富んでいるためです。苗を植えることは、今日行うことで迅速に根を下ろし、強く成長することが保証されます。接ぎ木、灌漑、根のための施肥は、植物の根系が水分を吸収し保持するためです。側枝の除去、摘心、植物の剪定も行えます。収穫も可能ですが、食用に適した地上部分の作物（ピーマン、ズッキーニ、果物、ハーブ、トマトなど）のみです。

第五の月の日に推奨されないこと：果樹や低木の移植。果樹や低木の剪定。"
6,"第六の月の日は平和と謙虚さの日であり、圧力や積極的な行動は推奨されません。予期しない出来事を期待しないでください。ネットワーキングや、月のサイクルの初めに考えたことの枠組みの中で新しい計画を立てるのに最適な日です。この日は犯罪者を捕まえるのにも好都合です。

この日は私たちにポジティブなエネルギーを与え、私たちはより強く、より活力に満ちた気持ちを感じます。宇宙のエネルギーに関与することで、以前は理解できなかった多くの共通の真実を理解することができます。

真実と嘘を見分けることができます。直感、テレパシー、感受性が高まっています。この日に与えられた予言や予測は、他のどの時期よりも実現する可能性が高いです。これは第六の月の日の象徴の一つである雲によって示されています。雲は預言者、神の真実を明らかにする者として解釈されます。",幸運があなたの努力に伴い、直感が鋭くなります。直感を信じてください。今日はテレパシーが可能です。,今日は上司やクライアントの好意があります。幸運な日です。重要なプロジェクトについて考えたり、目標を達成したり、欲しいものを手に入れる方法を考えることができます。自分のスキルや才能を示すのに良い日です。研究やグループ作業、物質的および財務的な問題の解決、ビジネスにとって良い日です。しかし同時に、誰かに何かを貸すべきではありません。,病気の人は早く回復します。呼吸器系の健康に気をつけてください。この日はアンチエイジングの美容処置に好都合です。,"第6の月の日は、カット、スタイリング、パーマ、その他の髪の処理には推奨されません。エネルギーを吸い取る可能性があります。

ウェルネスコースを始めるアイデアがある場合、第6の月の日はそれには適していません。お金を無駄にしているだけです。

他の点では、この日はかなり楽しく、イベントが豊富な日になるでしょう。

ヘアカラーリング - 今日は髪を染めない方が良いです。そうしないと、同僚との関係が悪化する可能性があります。

ヘアスタイル。厳格なヘアスタイルを作り、ヘアスプレーで固定してください。
この日は激しい感情に満ちています。多くの人が口論を避けるために一人になりたいと思うでしょう。感情は否定的ではありませんが、緊張感は強いです。",この喜びと愛の一日が多くの人に幸せをもたらすかもしれません。人々とのコミュニケーションを楽しんでください！,"この日は婚約や結婚に好都合です。カップルに長年愛を育む知恵をもたらします！

この期間は、静かに過ごすことを好むカップルに最適です。自然との一体感を楽しみながら、都市の騒音から逃れることが好きなカップルに好まれる日です。この日は、すでに衝動的な若さを後にしたカップルに好まれます。",第6の月のに生まれた人々は、通常、長く実りある人生を送り、多くの百歳以上の人々がいます。彼らは豊かな内面世界を持ち、夢想家です。人間関係では自由を重視し、圧力を嫌います。,今日は普段通りに落ち着いて行動することをお勧めします。人生、状況、愛する人について不平を言わないでください。今は不満を持つ時ではありません。すべてをそのまま受け入れてください。,お金や物を貸すことを避けてください。そうしないと、借りた物と共に、貸した人の平和と幸運も奪われます。,"第6の月の夢は予言的と考えられていますが、翌日に実現することを期待しないでください。

これらの夢に送られたサインには特定の解釈があり、正しく解読すれば、夢に示された道や望ましい方向を選ぶために使用できます。

夢を分析する際は、直感や目覚めた後に残った感情にもっと注意を払ってください。夢の中で見たすべての詳細に注意を払いましょう。時にはそれが何か馴染みのあるものであることがあります。しかし、この場合、理性の論拠は簡単に行き詰まる可能性があります。

今日の夢については話さない方が良いです。秘密のままにしておくべきです。","第6の月の日は爪の健康に悪影響を与える可能性があります。今日は自宅であっても爪に関する操作を避けることをお勧めします。爪をファイルしたり切ったりするべきではありません。これにより、爪が弱くなり、結果はひどいものになります。お気に入りのマニキュアを塗ったり落としたりすることさえ避けるべきです。そうしないと、割れやすくなります。

爪を改善することを目的とした美容処置を避ける必要があります。今日は、どんな治療法も爪に利益をもたらすことはありません。オイルの使用は厳禁で、アレルギー反応が起こる可能性があります。たとえ今までアレルギーに悩まされたことがなくてもです。爪を染めることを避けてください。見栄えが悪くなります。ネイルエクステンションの手続き中に怪我をする可能性があります。今日延長した爪が翌日には剥がれ始めても驚かないでください。

体の防御力が低下しており、風邪にかかりやすくなっています。第6の月の日は、アレルギー反応の可能性が高まります。アレルギーを持っていない人でもです。親しい人との口論やビジネスでの失敗が起こる可能性があります。重要な決定を下すことを避けてください。今日は議論に入らないでください。あなたの主張を証明することはできず、選んだ論拠が他人から同情的で軽蔑的な微笑を引き起こすでしょう。",この日の要素は水です。したがって、牛乳や乳製品の摂取を避けることが望ましいです。そうしないと、粘液が激しく形成される可能性があります。また、腎臓が弱っているため、ビールを飲むことも避けてください。ビールを飲むと、否定的な反応を引き起こす可能性があり、深刻な腎疾患につながることがあります。第6の月の間に過剰な水分を摂取すると、大きなむくみを引き起こす可能性があります。この期間の食事はできるだけ軽くする必要があります。今は浄化処置を拒否することが望ましいです。,第6の月の日は、知的活動や芸術に関連する購入にのみ好都合です。本、ノート、文房具、絵を描くための道具、または劇場のチケットなどです。他の種類の製品では、いくつかのトラブルが発生する可能性があります。まず第一に、この日に過剰な疑念が生じる可能性があり、購入を検討しているものの品質や必要性に疑問を抱くことがあります。また、今日は注意力が散漫になり、欠陥や損傷したパッケージを見逃す可能性があります。,"第6の月のには次のことをお勧めします：
収穫、果実は微量元素とビタミンが豊富です。根を掘り起こすと、治癒特性があります。植え替え、植物は急成長し、豊かな実を結びます。土地の耕作、土壌の緩め、豊富な水やり、鉱物肥料による根の施肥、接ぎ木、摘心、種の収集、植え替え、剪定は良いことです。

第6の月のには推奨されないこと：
果樹の剪定や植え替え。"
7,"今日は仕事やビジネスにとって最も好ましい日ですが、挑発的でもあることに注意が必要です。今日は文字通り山を動かすことができ、言葉はこれまで以上に魔法の力を持ちます。

周囲の環境は、偶然に落とされた言葉でさえも敏感に反応します。言われたことはすべて現実になる可能性があり、良いことも悪いことも、あなた自身や周囲の人々に対して表現した願いは実現します。今日は特に悪いことが罰せられやすいので、言葉には注意を払いましょう：悪い願いを口にすると必ずブーメランのように返ってきます... 今日は賢明で正義感のある人に幸運が微笑むと信じられています。

この日はエネルギーのピークであり、発展、進化、自己改善の最高点です。集中すれば、精神的および肉体的な力の前例のない高まりを感じることができます。最も重要なのは、それを賢く使って、困難な瞬間に頼れる基盤を築くことです。良いプロジェクトや、長い間計画していたビジネスのイニシアチブを実現する時が来ました。",今日はエネルギーと活力を自分自身と他の人々のために使うべきです。コミュニケーションに適した良い日です。大規模なイベントは避け、一人の時間を過ごしましょう。七日目の後半は混沌としたエネルギーを含んでおり、個人的な責任と規律がそれに対処する助けになります。言葉に注意を払いましょう。言うまでもなく、歯磨き粉をチューブに戻すことはできません。,この日はパートナーの信頼を得ています。新しいクライアント、アシスタント、場合によっては後援者を見つける可能性があります。税務報告の時期です。この日は高官との問題や請求を解決するのに好都合で、成功するでしょう。正義のために戦う人々は今日成功します、月はあなたの味方です。言葉の力とエネルギーに関連するイベントにとって好ましい日です：交渉、ネットワーキング、インタビュー、会議、広告、キャンペーン。従業員を褒めることを忘れないでください、それは共通の目的に利益をもたらし、生産性とチームの友好を促進します。,自分自身を大切にしてください、今日は風邪をひきやすいです。手術には良い日ですが、歯の抜歯には不向きです。今日始まった病気は簡単に治癒します。鶏肉や卵を食べるのは避けましょう。,"七日目には月が成長の段階に入りますので、今日は髪を切るのはお勧めできません。髪はすぐに伸びてしまいます。外見は危険ではありませんが、健康が弱まる可能性があります。一方で、この手続きは直感を高めたり、予知夢を見る手助けをするでしょう。

ヘアカラーは魅力を高めます。

ヘアスタイル。今日は軽いカールが似合います。驚くかもしれませんが、カールした髪があなたに幸運をもたらし、ストレス耐性を高め、エネルギーの量を増加させます。これは自然のエネルギーを高めるでしょう。",嘘やお世辞を避けましょう。嘘は逆効果になる可能性があります。親しい人々と誠実な願いを共有してください。,"もしあなたたちが両方とも創造的で芸術的な人々であれば、七日目は一緒に過ごし、共通の趣味や情熱を楽しむのに素晴らしい時期です。これが関係を育む助けになります。

この日は結婚式にとってかなり好都合です。配偶者が同じ職業に従事している場合、家庭生活は静かで楽しいものになると信じられています。

このカップルは民主的であり、リーダーは存在せず、すべての決定は共同で行われ、創造的なアプローチが取られます。「パートナー」という言葉がこのようなカップルにはよく合います。

もし配偶者が異なる興味や生活の分野を持っている場合、結婚は特定の状況下で強さの試練になる可能性があります。

すでに結婚式の儀式や祝賀を手配している場合は、創造性と生命力に満ちた友人や同僚を招待してください。素晴らしい祝賀が待っています！",七日目に生まれた人々は健康に恵まれますが、親や愛する人々は、子供がその個性を発展させるために常に助けを必要とすることを忘れないでください。個人的な成長は神から授けられた才能を実現する助けとなります。そうでなければ、それらはすべて無駄になってしまいます。,今日は正直で品位のあるすべての人にとって活発で成功した日です。今日の購入は喜びと満足をもたらします。さらに、今日の祈りが聞かれる可能性が高いです。午後は、集中力、組織力、責任感が特に必要です。そうしないと、午前中の努力が無駄になってしまいます。,今日は特に欺くことが危険です。なぜなら、今日の嘘には大きな破壊力があるからです。卑猥な言葉を避けましょう。また、皿を割ったり、紙を破ったり、手紙を破ったりすることも避けるべきです。今日夢に見た闘鶏は、あなたやあなたの愛する人にとっての不幸の前兆とされています。,"今日は夢が予知的であり、非常に早く実現すると信じられています。

七日目の主な特徴は夢にも反映されます。したがって、今日は見たものではなく、夢の中で聞いたことを解釈することが推奨されます。注意深く聞き、夢の中で話された言葉を覚えておいてください。それがあなたを正しい方向に導くか、何かについて警告するかもしれません。

この日、鶏は悪い夢とされ、あなたにとって重要な事柄での失敗を示します。

この日は自己成長と改善に最適です。","七日目はネイル処理には最適な日ではありません。月に注意を払いましょう。成長段階に入り、爪はすぐに伸びます。したがって、ビルドアップを期待している場合、今日は不適切な日です。爪は次の週に剥がれ始めます。

化学物質が爪板に害を及ぼす可能性が高いです。今日サロンに行かざるを得ない場合は、塗装を施すこと以上は避けることをお勧めします。この日に選ぶべき素晴らしい解決策は、カバーの複雑なデザインを選ぶことです。それはストレス耐性を高め、エネルギーと生産性を促進します。また、パターンを含むマニキュアデザインは、他者のネガティブな影響からの保護バリアとして機能します。

シェラックカラーリングは望ましい結果をもたらします。洗練された外観と異性とのより良い関係のために、柔らかく自然なトーンを使用してください。

今日は爪のケア処理は避けるべきです。治療用の製剤は爪板や手の皮膚に吸収されず、問題を悪化させる可能性があります。

七日目のトリムマニキュアは最適な解決策ではありません。それは神聖な力を弱め、内部のバランスを崩し、あなたの近しい人々との対立や誤解を引き起こすことになります。",この時期は鶏肉や卵を食べるのをやめることが重要です。これらは体の「オーバーロード」を引き起こす可能性があります。非常に強力な月のエネルギーが体を通過するからです。七日目には香りの良いハーブティーを選びましょう。緑茶を楽しむこともできますが、紅茶は避けましょう。残りの食事は何でも構いませんが、粗い食べ物は少なく、果物や香りの良いハーブを多く摂ることが重要です。地面に触れない果物、リンゴ、デーツ、さくらんぼ、アプリコットなどを選ぶことを考えてみてください。,広告に惑わされず、他人の感情に影響されないようにしましょう。この日は提案に敏感であり、欲しかったものとは全く異なるものを購入してしまう可能性があります。購入する前に、果たしてこの特定のものを本当に買いたいのかよく考えてください。確信が持てない場合は、購入を別の日に延期する方が良いです。一方で、この日はエソテリックな商品、例えばお香やフィギュアなどを購入するのに好都合です。本やいくつかの楽器を買うこともできます。家電製品の購入は避けた方が良いでしょう。なぜなら、購入が失望につながる可能性があるからです。,"七日目には以下のことができます：
植え付け、移植、 fertilizing、接ぎ木。食用の葉を持つ植物（トマト、果物、ベリー、ズッキーニ、カボチャ、エンドウ豆、豆、カボチャ、キュウリ、ピーマンなど）の収穫。花や薬用植物の収穫。根菜の収穫。できるだけ頻繁に水やりを行う。切り枝の収穫、芝刈り、ハーブの収集。土地の耕作と種の収集。冬のための缶詰や漬物、発酵、塩漬け。

七日目には推奨されないこと：
葉や葉の収穫。植物の剪定や再植。"
8,"月の第二段階の始まりは、変化の一日であり、責任感が強く、激しいものです。未解決で忘れられた問題が、今日あなたの注意を求めています。予期しない出来事が起こる可能性があります。

移行は常に変革と変化であり、今日はあなたの人生のすべての領域（仕事、愛、友情）で、すべてのレベル（肉体的、精神的、エネルギー的）でそれが行われます。この流動性、二重性、そしてすべてのものにおける変態は、8日目を不安定な日とし、人々が信念や考えを変えることがある日です。この日は、人生の選択や優先事項を再考するのに適しています。

変化を痛みを伴うものとして受け取らず、抵抗しないようにしましょう。流れに任せ、変革のプロセスに干渉しないでください。それがあなたの人生にポジティブな変化をもたらします。後で、新しい見解やアイデアがあなたの周囲にポジティブな人々を引き寄せ、他の人との関係を改善することがわかるでしょう。この日は悪習慣を断ち切るのに適しています。

もちろん、感情の乱れや気分の変動を経験するでしょう。すべてが手に負えなくなっているように感じ、涙が溢れることもあるかもしれません。精神的に強い人だけが、この日を冷静さと慎重さを持って乗り越えることができます。",この日は、新しい発展段階や新しい行動と成果への移行が計画されています。したがって、柔軟であり、戦術や行動を変える準備をしておいてください。気分の変動があるかもしれません。この日は遅い人には不利ですので、アクティブになるよう自分を刺激してください。生産的であるためには、個人的な野心を捨て、新しいパートナーや従業員をビジネスや計画に引き寄せる必要があります。これは、チーム内の関係が変わる時期ですので、慎重で賢明でいてください。,緊張とストレスの一日です。過労を避けてください。今日、上司とのやり取りには注意が必要です。彼らは好意的な気分ではないかもしれません。この日はチームワークや新しいパートナーの探索に適しています。チーム内の不安定な関係に注意してください。裁判はあなたに有利に解決される可能性があります。今日は大金を扱わず、小さな財務問題だけを解決してください。,病気に注意を払いましょう。さもなければ、合併症が起こる可能性があります。食事には適度に接近してください。断食の日は非常に良いでしょう。胃と腸を浄化できます。特に複雑な薬の準備をするのに良い日です。,"8日目は、古いものやもはや関連性のないものを取り除くのに最適な日です。カルマを清め、住居を整えましょう。今日の新しい髪型は、金運や長寿をもたらすかもしれません。

アドバイス。今日髪を切ることで、髪の構造と状態が改善されます。新しい、通常よりも短い髪型が似合うでしょう。古いものを取り除くことで、新しいもののためのスペースを作ります。

すべてのヘアプロセスが成功するわけではありません。通常のカールやパーマはうまくいかないので、別の日に延期してください。夕方には、頭皮マッサージや美容マスクを行い、髪が今日の恩恵を最大限に受けられるようにしましょう。

髪の染色は望ましくありません。なぜなら、それがあなたの品位を損なう可能性があるからです。

今日は素敵なカールを作りましょう。",告白と許しの日です。,"この日は結婚式には不利です。そうでなければ、カップルは誤解や口論、恨みに溺れるリスクがあります。財政的な困難は避けられません。

お互いを完全に信頼し、公正な批判にオープンであれば、この悪夢から逃れることができます。アクティブなライフスタイルを送り、すべての問題を一緒に解決する準備ができている人々は、結束を維持します。

一緒に旅行したり、スポーツをしたり、文化的なイベントや重要な祝い事に参加することで、家族関係が強化されます。",8日目に生まれた人々は、外的要因（彼らが全く欠けているわけではありません）によって成功を収めるのではなく、彼らの思考、知識、誠実さ、態度によって成功を収めます。これらの人々はしばしば独創的で素晴らしいアーティストです。,この日は旅行、出張、引っ越し、裁判に良いです。移転、家の建設、アパートの改装、楽しい家事を行うのに適した時期です。自分の立場や行動のラインを変える必要があるかもしれません。物事を異なる視点で見る、人生について考える、過去を思い出すのに最も適した時期です。すべての失敗、問題、望まれない行動、黒い思考を手放しましょう。今はあなたの人生の新しい段階に備えるのに非常に適しています。,予期しない出来事の展開、対立、緊急事態が起こる可能性があります。水との接触を制限してくださいが、シャワーは浴びてください。アルコールを飲むことは推奨されません。,"この日の夢は予言的であり、あなたの地球での真の使命のヒントを見ることができます。あなたは自分の人生の意味を理解することができるかもしれません。

8日目の夢の解釈は、この日のシンボルであるフェニックスの鳥と宝箱の影響を受けます。結局のところ、彼らはあなたからその本質を隠そうとし、秘密を守ろうとしているので、この日の夢は解釈が難しいでしょう。

今日の夢は本当の啓示です。それは人の潜在意識の深いところにあるものを明らかにします。正しい解釈の糸をつかむことができれば、あなたの人生で何が起こっているのか、どのような調整が必要かを理解することができます。しばしば、8日目の夢は、実現されていない欲望や実現されていない計画を示します。

8日目は、変革、変化、再生の時期であり、世界が新しい形で人に開かれます。痛みを伴うが必要な変革に備え、抵抗しないでください。","8日目に行うトリムマニキュアは、爪の構造を改善します。また、サロンを訪れることで魅力を高めることができます。

この日は、すべての生活の領域で余分で退屈なものを取り除くのに適しています。爪で実験する時間を使いましょう。それは喜びと友人からの注目をもたらします。今日行うエクステンションは期待に応え、爪は約1ヶ月間元の形を保ちます。

同時に、長期的なカバレッジが目標であれば、マスターに急いで予約しないでください。結果は短期間しか持続しません。この日は爪の構造を改善し、強化するための手続きに最適です。塩水溶液やオーガニックオイルを使用してください。

この日にサロンを訪れることは、爪に健康をもたらすだけでなく、すべての努力において長寿と幸運をもたらします。明るく目立つネイルポリッシュの色は避けてください。なぜなら、それが対立や誤解を引き起こす可能性があるからです。この日は連絡を更新し、古い友人に会うのに最適です。",8日目は断食に最適です。これが不可能な場合は、次の月の日前まで、菜食主義の食事を優先し、もちろんアルコールや喫煙を避けてください。この日は、脂肪の少ないキャセロール、サラダ、野菜の煮込みなどの複雑な料理を作るのも素晴らしいアイデアです。,8日目には、アンティークや中古品のみを購入できます。他の購入は避けてください。さもなければ、さまざまな小さな問題を引き起こす可能性があります。,"8日目は以下に適しています：
葉や茎の収穫。植物に水をやる。

8日目には推奨されないこと：
根付け、植え替え、野菜、果物、メロンやウリ、ハーブ、ベリーの木、野生のイチゴやイチゴの接ぎ木。"
9,"月のサイクルの中で最も不利な日がほぼやってきました。しかし、パニックにならないでください。この日は誘惑や試練、幻想、欺瞞、そして中毒（こんにちは、シェイクスピア）に関連しています。9日目は難しい日です。なぜなら、私たちはまだ昨日始めた変革を終わらせているからです。私たちの中で起こる変化を受け入れるには、時には時間と謙虚さが必要です。

この日、疑念は誰をも脆弱にするため、未確認のつながりや、あなたの最も痛い部分を突いてくる悪意のある人々には特に注意が必要です。あなたは簡単に欺瞞に引っかかり、幻想の網に落ちることがあります。その後、これらの妄想は、欺かれた人のキャリア、健康、さらには私生活に非常に悪影響を及ぼす可能性があります。今日の外の世界は、悪いニュースやさまざまな誘惑、ネガティブな感情で攻撃してきます。

ほんの少しの理由で、これらの心配を気にかけると、周囲に暗い面を見せることになります。負け続けることを自分に設定すると、それが最も可能性の高い結果です。警戒を怠らず、感情をコントロールし、ネガティブな思考をブロックしてください。これが9日目に無傷でいる唯一の方法です。今日起こるすべてを慎重に、詳細に分析することで、敵対的なエネルギーや悪い決定から自分を守ることができます。

もしトラブルを避けられなかった場合、絶望や怒りは良くない伴侶であることを思い出してください。起こったことをできるだけ冷静に受け入れ、絶望的な状況は存在しないことを思い出してください。どんな間違いも、将来に役立つ貴重な教訓です。起こったトラブルを修正すれば、気分が軽くなるでしょう。",今日は、不安な感情、恐れ、暗い思考が訪れるかもしれません。自己評価が上昇することもあります。いずれにせよ、これを避けるようにしてください。さもなければ、プライドのために罰せられるリスクがあります。この日はほとんどの人が対立しやすく、自分の過ちを正当化し、他の人に責任を転嫁しがちです。,今日は、仕事での複雑さが発生する可能性があり、調和と合意を得るのは簡単ではありません。意識的にストレスのある状況を避け、仕事をできるだけ楽にしてください。同僚、パートナー、クライアントを避けてください。彼らは友好的でない可能性があります。今日はネットワーキングはあなたに利益をもたらしません。怠けず、今日は一生懸命働いてください。本当に価値のある、一般の注目に値するものを創造することができます。金融取引について考えないでください。アドバイザーの言うことを聞かないでください。欺瞞や詐欺のリスクがあります。借金をすること、借金を返済すること、重要な金融文書に署名することも好ましくありません。今日、裁判を延期するのも良いでしょう。今日はそのための適切な日ではありません。,慢性疾患を持つ人は、心臓病、神経痛、恐怖症、うつ病の症状が悪化する可能性があります。中毒や毒物摂取も珍しくありません。今日は自分の健康に最も真剣に注意を払う必要があります。もし今日病気が現れたら、それはあなたが間違った精神的発展の道を選んだという警告かもしれません。今日はアクティブな休息の日です。しかし、トレーニングや肉体労働には注意が必要です。今日は怪我の可能性があります。自然の中でのアクティブなレクリエーション活動が好ましいです。,"9日目は髪を切るには好ましくありません。極端なことは避けてください。この日に髪を切ると、頭皮の健康に問題を引き起こす可能性があります。

アドバイス。今日はヘアエクステンションを試しても良いでしょう。ただし、髪の質が良いことを確認してください。夕方には、リラックスできるバスに入ってストレスを減らし、髪と顔に栄養マスクを塗布してください。

自然の染料でのヘアカラーは、多くの問題を遠ざけるでしょう。
",今日は対立を解決するには不適切な日です。周囲の人々に対する不満が蓄積されているかもしれませんが、対立を避けてください。ロマンチックなデートは適切で報われるでしょうが、セックスは楽しめないでしょう。,"今日は結婚には好ましくありません。婚約者を間違えるリスクがあります。

祝賀は友人や家族との深刻な口論で終わる可能性があります。誰かが誰かに対して不快に思うかもしれません。

この日の結果は、共同生活全体の結果を反映します。些細なことでの口論と早期の離婚です。",9日目に生まれた人は、長く生産的な人生を送るチャンスがあります。しかし、その機会は実現しないかもしれません。必要な条件は、行動と思考における純粋さの追求です。,9日目には悪いニュースが届くかもしれません。それに過剰反応しないようにしてください。生じる激しい感情は、呼吸法で落ち着かせることができます。冷静に、日常の仕事を続けてください。今日は新しいことを始めるべきではありません。始めたことを続けるか、完了させてください。ロマンチックなディナーも役立つかもしれませんが、あなたの関係が相互理解に基づいている場合のみです。,牛乳をこぼすことに注意してください。これは悪い兆候です。鏡を見ることを避けてください。この日に壊れた鏡の兆候が生まれたのは偶然ではありません。,"夢は重く、痛みを伴うことがあります。9日目のネガティブなエネルギーは私たちの夢に浸透します。もちろん、すぐに忘れたい、悪夢を頭から追い出したいと思うでしょうが、この月の日の夢は、正しく解釈すれば、すぐに対処すべき問題を示してくれます。

私たちは時々、無視したり、逃げたり、目を背けたりする方が簡単な問題に直面します。なぜなら、これらの問題の解決はしばしば私たちの欠点や重大な失敗に関連しているからです。9日目の夢は、もはや無視できない重要な瞬間を示しています。そうしなければ、首にループのように締め付けられることになります。

夢を正しく解釈し、行動を起こせば、あなたのエネルギーフィールドはついに均一になります。これにより、感情的な平和がもたらされるだけでなく、あなたもずっと気分が良くなるでしょう。","月のサイクルの9日目は、トリムマニキュアには好ましくありません。もしあなたが施したコーティングが爪に健康的な利益をもたらさないのであれば、トリムマニキュアは非常に有害です。爪の健康を奪い、手の皮膚の状態を悪化させ、健康や全体的な外見に多くのネガティブな結果をもたらす可能性があります。また、今日トリムした爪が再び成長するまでには長い時間がかかり、真菌感染の可能性もあります。

今日は爪の処理を始めないでください。それはあなたが望む効果をもたらしません。オイル溶液を含む処置を避けてください。

カラーリングは、自然な色でのみ推奨されます。そして、それがあなたにとって重要な場合のみです。明るい色は他者の攻撃の理由となる可能性があり、あなたの精神的なバランスを奪うことがあります。

月のサイクルは、この日に体に重い影響を与えます。今日はウイルス性疾患にかかりやすいです。この日に食事に注意してください。中毒の可能性があります。今日行ったマニキュアは、見た目を悪化させるだけでなく、深刻な病気を引き起こす可能性があります。どんな処置も避けるのが最善です。今日は屋外で過ごし、自然との一体感を楽しむことをお勧めします。",この日、キノコの摂取は避けてください。この食品はあいまいな特性を持っており、今日は本当に嫌な方法で驚かせるかもしれません。また、新しい料理や明らかにエキゾチックな料理を試すことも避けてください。あなたの体は今、新しいものに過剰反応していますので、合理的に行動し、注意を払ってください。肉も避けてください。この期間中の過食は非常に危険です。9日目の食事はできるだけシンプルであるべきです。馴染みのある食品でも、時には体に望ましくない反応を引き起こすことがあります。複雑な料理や人工的な製品、さまざまな炭酸飲料や脂肪の多いデザートは除外してください。シンプルな自家製の粥を選んでください。,9日目の買い物は避けてください。代わりに、古くて無駄なものを捨てることを考えてください。食料品を買うことさえ避けるのが望ましいです。持っているものでやりくりするか、レストランで外食してください。実際、事前に考えて、その日までに必要なものをすべて購入する方が良いです。今日購入したものは、失望やお金の無駄、中毒、または購入した食品が腐っていることになる可能性があります。,"9日目は以下に適しています：
土の処理、耕し、地上の果実を生む作物の植え付けや移植。植物の施肥や接ぎ木。果樹の剪定、接ぎ木、根付けの準備、イチゴのランナーの根付け。植物の摘心や再植、芽の間引き、種の収集（この日に収集された種は、友好的な芽と素晴らしい収穫をもたらします）。水やりと鉱物肥料での施肥。果実の収穫。

9日目に推奨されないこと：
果樹の剪定は避けてください。この日に剪定すると、果樹が死ぬ可能性があります。"
10,"ついに、雨の中の陽射し。あなたの体のエネルギーレベルが回復し始めます。この日は創造的な活動に好都合です。10日目の月は通常、強力なエネルギーを持ち、それで私たちを満たします。この日、あなたは物事に対して熱意を感じ、天を動かしたいと思うでしょう。積極的に行動し、最も難しい課題に取り組むことを恐れないでください。今日は、あなたがそれを成し遂げることができます。

この日は家族と過ごすのに好都合で、先祖を偲び、家族の歴史を学ぶのに適しています。この明るい気分の中で、親を訪ね、古い写真を一緒に見たり、あなたの系譜について話したり、学んだり思い出したりしてください。この日は新しい家族を作る（結婚）には非常に成功する日です。10日目に結婚したカップルは非常に強く、離婚することはほとんどありません。

この日は高次の真実を理解するのに好都合で、神聖な知識への導入があり、非常に重要な秘密を明らかにします。それらはあなたがどの方向に進むべきかを指し示すことができます。10日目の月の啓示は、全く予期しない時に与えられることが非常に多いです。",あなたは余分なエネルギーを感じています。努力はポジティブで建設的な方向に向けるべきです。,同僚とのコミュニケーションから楽しみを得ることができるでしょう、特にチームが緊密であれば。今日は非常に生産的な日になるでしょう。キャリアに駆り立てられる人々やビジネスを構築する人々にとって、最も成功した日です。この日は交渉に好都合で、人々は協力的です。取引にも良い日です。ビジネスのつながりを壊すことは避けてください。この日は利益が期待できます。,治らない病気の人々でさえ、今日は気分が良くなるでしょう。ダイエット中の場合、今日は飢えないでください。この日は家族と一緒に新鮮な空気の中でレクリエーション活動をするのに最適です。ただし、身体運動で極端に走らないでください。この日はサウナやスパの治療に好都合です。,"10日目の月は髪を切るには好都合ではありません。髪を切ることでその日の調和が乱れ、健康に悪影響を及ぼす可能性があります。髪は非常に遅く成長します。

アドバイス。医師に相談した後、ヘアトリートメントのコースを行い、ビタミンを摂取することを検討してください。頭と首をマッサージして、髪の毛根への血流を改善しましょう。すぐに、髪だけでなく肌の状態も改善されていることに気づくでしょう。

この月の日はスタイルを変えるのに好都合です。髪を伸ばすことで、魅了する視線を引き寄せることができます。あなたの男性は確実にそれを評価するでしょう。ヘアエクステンションや厚い自然なストランドは、あなたのオーラに良い影響を与えます。

自然な染料でのヘア染めは、上司に好かれるのに役立ちます。

ヘアスタイル。髪をできるだけ頻繁にブラシしてください。これにより、髪の導電機能が向上します。",異性との接触は喜びと精神的満足をもたらします。強く証明されたつながりは特に喜ばしいので、それらを強化し発展させてください。この日は争いには不向きですが、和解には最適です。,"この日は結婚式を開催するのに最適です！すべての星が整います。

今日はあなたの願いをかなえ、人生のすべての祝福を味わうことができます - 月のサイクルの10日目は結婚、親密さ、子供の概念に良いです。

あなたの家族は強く、緊密な結びつきを楽しむでしょう。誰もそれを壊すことはできません。このような家族は離婚することはほとんどなく、家は常に子供であふれています。ここでは新しい伝統が尊重され、新しいものが始まります。",10日目の月に生まれた人々は、機敏な心と器用な手を持ち、才能があり、旅行を愛します。,この日は家族と質の高い時間を過ごし、家の改善を行うのに好都合です。この日、家族の伝統や先祖を思い出し、将来これらの伝統を維持し強化する方法を考えるのが非常に適切です。この日、家族のために家を建て始めることが推奨されます。旅行は推奨されません。,この日には特別な警告はありません。,"この日の夢は非常に明るく印象的で、おとぎ話のようですが、深い意味を探すべきではありません。これらの夢は実現する可能性が低いです。

10日目の月のポジティブなエネルギーは夢にも影響を与えます。通常、この日は悪夢を見ることはありません。一般的に、情報を持たない無邪気で心地よい夢を見るでしょう。ただし、先祖や故人の親族の一人を見た場合は、彼らの言葉やジェスチャーを思い出すようにしてください。彼らはあなたに何か重要なことを伝えに来たのかもしれません。

夢の専門家に助けを求めてください。10日目の月に先祖を見ることは、非常に重要な情報があなたに送られたサインであり、それを正しく解読する必要があります。

10日目の月は、あなたが良い目的に向けてエネルギーを注ぐ必要がある日です。怠惰や思索にふけることは避けてください。","この日は見た目の向上や改善を目的としたあらゆる手続きに最適です。ただし、イメージの急激な変化には頼らないでください。マニキュアをし、シェラックを塗り、新しいポリッシュの色を選んでください。しかし、爪を切ることは避けてください。そうしないと、爪が弱くもろくなり、健康が悪化します。また、今日行ったトリムマニキュアは、宇宙とのつながりの悪化やカルマ的な物質の薄化につながります。

ウェルネス治療のサイクルを始めるのは素晴らしいアイデアです。

今日適用されるオイルは最大の利益をもたらすことができます。また、色を試してみて、珍しい色のコーティングを選び、周囲の人々を圧倒することができます。異性からの多くの褒め言葉が保証されます。古い関係を復活させ、新しい関係を始めることも可能です。

ただし、アレルギーがある場合、ストレスを感じている場合、または運命的な決定を下している最中である場合は、この日にネイル技術者を訪れるのは良いアイデアではありません。",この月の日には、何を食べるかよりも、誰と食べるかが重要です。今日はメニューを制限する必要はありませんが、家族全員と一緒に昼食や夕食を楽しむことを確認してください。もちろん、合理的であり、胃を過負荷にせず、過剰なアルコールを摂取しないでください。ハーブティーや自然なジュース、野菜のスープや煮込みが家族の集まりにはぴったりです。,10日目の月は家族のお出かけや家族の買い物に最適です。これは大型家電や家族の幸福を向上させるための他のものでもかまいません。車や家でさえも！特に親や祖父母の希望に注意を払うべきです。彼らはあなたの家族の伝統とルーツを持っています。この日に彼らに素晴らしいディナーを振る舞うことで、あなたの未来の生活と繁栄の基盤を築くことができます。また、この月の日には子供のための購入を行うのも好都合です。おもちゃ、衣服、本などが考えられます。,"10日目の月は以下に好都合です：
長期保存を目的とした作物の収穫。食べられる果物や野菜の収穫。植物の植え付け、播種、移植。水やり、接ぎ木、施肥、切り取りの収穫。

10日目の月には推奨されないこと：
木の剪定は、その健康に悪影響を及ぼす可能性があります。"
11,"今日は忙しい日で、月のサイクル全体の中で最も強い日とされています。また、その厳しい性質にもかかわらず、月の全体の中で最も成功する日でもあります。体の中で強力な力が目覚めます。今日は、月の初めに考えられたことや計画されたことが形になっていく様子を見ることができます。

これは複雑な日で、すべての面に二重性と曖昧さがあります。

多くの人々は、自分の中のこの二つの側面を制御できず、突然の苛立ちや怒りの爆発に驚くことでしょう。それは突然現れては消えていきます。この時期、エネルギーは非常に不均等に分配されます：一瞬、山を動かせるように感じるかと思えば、次の瞬間には疲労で崩れ落ちてしまいます。

11日目は、エネルギーの流れを制御し、それを自分の利益に再配分できる人だけを助けます。これが、今日多くの人を消耗させるエネルギーの火山に対処する唯一の方法です。このような瞬間には、真実が明らかになることがあり、それを記憶し理解する必要があります。今日はエネルギーの発作が強いですが、非常に短命です。注意と極端な慎重さが誤った決定を防ぐことができます。",この日は内部エネルギーの集中が非常に大きいです。あなたは山を動かす力を持っています。さらに、個人的な魅力が増し、自信が高まり、熱意に満ちています。,ビジネスやその他の仕事において、よく計画された決断的な行動をするのに良い日です。注意してください：ビジネスにおいて珍しいチャンスがあるかもしれないので、見逃さないでください。魅力を発揮してください、それが交渉に役立ちます。この日は旅行や出張を始めるのに良い日です。一方で、取引や怪我のリスクを伴う活動には適していません。知らないビジネスには関与しないでください。小さな金銭的な問題はあなたの有利に解決されます。大きな金額の取引は避けてください、損失を被る可能性があります。,病気は合併症を伴うことがあります、特に女性にとっては、男性は軽微な問題を経験するでしょう。この日はヨガ、ストレッチ、しっかりとした散歩などの適度な運動に適しています。,"11日目は髪を切るのに適した日ですので、新しいスタイルに挑戦してみてくださいが、クラシックな範囲内に留まってください。結果は素晴らしく、多くの褒め言葉を受けるでしょう。

アドバイス。美容処理の後、髪は光沢と健康で喜ばせてくれます。美容院を訪れた後は、美しい場所を散歩したり、映画館、博物館、レストランに行ったりしてください。この日に髪を切ることで、運命の人に出会うことができるでしょう。もし恥ずかしがり屋であれば、新しい髪型が自信を高めてくれます。

もし美容院での夜を過ごす余裕がない場合でも、人生の楽しみを諦める理由にはなりません。友達を集めて、自宅でSPAサロンを開いてみてください。この日を最大限に活用し、家に幸運をもたらしてください。

自然な染料でのヘアカラーは、あなたのビジネス活動を広げるでしょう。

ヘアスタイル。このエネルギーに満ちた日に、ヘアスタイルに少し努力を注いでください。",この日は愛と注意を分かち合うのに適した日です。親や親戚、友人を訪れ、小さなプレゼントを持参してください。,"この日は結婚に適しているとされています。マリリン・モンローとアーサー・ミラーの結婚式はちょうどこの日に行われましたが、スターカップルにとって月の恩恵は十分ではありませんでした…

この日は、決定を何度も考え抜き、すべてを細部まで話し合い、お互いの感情に疑いを持たないカップルにのみ適しています。未来の配偶者間の信頼も、この日を選ぶ際には非常に重要です。

リーダーシップの資質を持ち、自分自身や愛する人々に責任を持つことを恐れないのであれば、この日は素晴らしい祝祭をもたらします。

このような家庭での気分の変動は、決して離婚には至りません。",11日目に生まれた人々は、優れた才能と精神的能力を持ち、節度を守り、極端なストレスを避ければ長生きすることが多いです。,計画していることを実現したいのであれば、徹底的な準備が必要です。注意深く、慎重に、すべてをバランスよく行ってください。エネルギーを結果ではなく、作業のプロセスに向ける方が良いです。あなたの行動はポジティブな方向を持たなければなりません。さもなければ、強力なエネルギーがその道にあるすべてを破壊する可能性があります。始めたことを辞めることは推奨されません。物事を最後までやり遂げる必要があります。,この日は狩猟には不適切です。なぜなら、この日は動物界との相互作用の日だからです。虫に注意し、噛まれないようにしてください。刺すものや切るものに注意してください。今日は、落ちるナイフやフォークが危険を警告する日です。自分の力やエネルギーをあまり制御しない人々は、重大な問題を避けることをお勧めします。,"11日目に目覚めたエネルギーは主に精神と潜在意識に影響を与えるため、夢がいくつかの啓示をもたらすかもしれません。

この日の夢は、それから残る感情に従って独自に解釈できます。夢が心地よく楽しいものであれば、あなたの人生はうまくいっています。暗く、理解できない夢は、あなたが迷路に迷い込み、出口を見つけられないことを示しています。計画を見直す必要があります。

夢の中で悪のエネルギーを放出し、問題を引き起こす場合、それは物質的な網から解放される時が来たことを意味するかもしれません。

11日目に自分の魂について考える人は、この日を通じてエネルギーの流れを正しい方向に向けることで利益を得るでしょう。

","どんな機会でも、サロンに行くのは素晴らしい決断であり、二度考える必要はありません。あなたの爪は多くの褒め言葉の対象となるでしょう。今日はロマンチックな関係の発展に適しています。トリムマニキュアは、爪を癒し、光沢と手入れを助けることができます。

アドバイス。この日に最適な解決策は、クラシックなもの、例えばフレンチマニキュアです。明るい色や派手なデザインは避けてください。この日はネイルエクステンションに最適です。今日はあなたのネイルスペシャリストが最高の方法で全てを行うことができるでしょう。

どんなウェルネス処理も有益ですので、気軽に栄養マスクを適用し、休んでください。オイルを使用した処理に注意を払ってください。小さな操作でも、爪に健康的な外観を与えます。サロンに行くのが面倒な場合は、自宅でサロンを開くべきです。

ココナッツオイルを使用して爪の構造を改善し、塩水を使用して爪板に強さを与えてください。11日目にサロンに行くことは、あなたの魅力に自信を加え、同僚の目における権威を強化し、パートナーとの関係を築く手助けをし、人生のパートナーを見つける手助けをします。

健康に注意してください。長い間検査を受けることを計画していた場合、今日は最適な日です。金銭的な面では、日中の現金収入が期待されます。もし副業や追加の仕事があるなら、挑戦してください、報われるでしょう。",この日については、占星術の科学の中で二つの意見が存在します。一部の人は、この期間の食事は高カロリーであるべきだと考えています。なぜなら、体は活発なライフスタイルのために多くのエネルギーを失うからです。別の人々は、食事は全粒粉の食事を多く含むべきであり、断食をすることさえ可能だと主張しています。なぜなら、11日目には浄化が行われ、強力なエネルギーの流れが人間の体を「ポンプ」するからです。黄金の中道を守りましょう。もし内部に重さや「重さ」を感じるなら、重い食事を避け、もっとジュースを飲み、果物を食べてください。,11日目は火に関連するものを購入するのに適しています。例えば、懐中電灯、キャンドル、花火、ガスバーナー、電球などです。,"11日目は以下に最適です：
地上で熟す作物の収穫：ハーブ、メロン、果物、葉物野菜、ベリーの木。植え付け、移植、根付け、接ぎ木、間引き、除草。剪定、摘心、植物の肥料。地上に食用部分がある植物の植え付け：カボチャ、キュウリ、ズッキーニ、トマト、メロン、ナス、トウモロコシ、ひまわり、薬用植物、花作物。土壌の耕作、耕し。豊富な水やり。

11日目に推奨されないこと：
葉や頂部の掃除。果樹の剪定。"
12,"この日は、熱い感情から守られ、明確な視界を持つ平和で穏やかな日です。この日は孤独や自己分析、善行を促します。あなたの祈りは聞かれる可能性が高いです。

この日には、ネガティブなことや感情の揺れは予想されません。しかし、逆に、仕事においてエネルギーや創造性の発作も期待しない方が良いでしょう。この日は調和と平和に満ちています。

12番目の月の日のモットーは、精神の優位性として最もよく表現されます。この日は自己分析や、自分が本当に望んでいること、どこに向かっているのか、動機は何かを考えるのに適しています。このような考察は、しばしば神聖な啓示をもたらすと信じられています。たとえ自分の声に耳を傾けることがなかったとしても、この日には啓示を見つける高いチャンスがあります。

もし誰かがこのアドバイスを無視し、物質的な幸福だけを考え続け、魂を忘れてしまうと、すぐにすべての野心的な計画は崩壊します。疲れた魂は、困難な時に最も強い体さえも支えることができません。",この日、特に脆弱で、場合によっては傷ついていると感じるかもしれません。これらの裏切りの感情と戦い、あなたを良い気分にさせるポジティブなことに集中してください。対立や口論を避けてください。今日の人間関係に対する損害は回復が難しいでしょう。,この日は、あなたにとって非常に重要な何かを始めるには悪い日です。相手を信頼できると感じる場合のみ、交渉を行うことができます。意志力、粘り強さ、誠実さを持って仕事に取り組んでください。外交が大いに役立ちます。素晴らしいアイデアがある場合は、その実行を別の日に延期してください。この日は法廷での裁判、取引、ギャンブルには適していません。,今日の病気は即座の注意を要します。水治療が推奨されます。ダイエットを守り、消化が難しい食べ物を避け、多くの水やお茶、自然のジュースを飲んでください。激しい運動は避け、心臓を休ませてください。,"12番目の月の日に髪を切ることは、生活の秩序を乱すリスクがあり、それが運命を悪化させる可能性があります。この日に美容院を訪れて髪を切ると、髪型を台無しにするだけでなく、次の月に怪我をするリスクもあります。

アドバイス。上記のすべてにもかかわらず、この日は美容院を訪れるには良い日です。ケラチンストレートやパーマは、髪へのダメージを最小限に抑え、見た目を良くするのに役立ちます。髪が乾燥して細い場合は、行わないでください。

ウェルネス治療は、今日の素晴らしい選択です。髪は必要なビタミンと活力を受け取ります。

自然の染料でのヘアカラーはお金を引き寄せます。

ヘアスタイル。実験してみてください！頭の上に何かオリジナルなものを考え出してください。このヘアスタイルは、ビジネスや愛の問題を解決します。",この日のエネルギーは、愛と親切を分かち合うことを呼びかけています。この日は慈善活動や寄付に最適です。プレゼントを贈る余裕がない場合は、苦しんでいる人々に同情を示し、本当に必要としている人々の世話をしてください。妥協の技術を学んでください。この日における性交は、口論や恨み、失望を引き起こす可能性があります。,"結婚して家族を始める準備ができていて、疑念がない場合、この日は結婚式に最適な日です！

嫉妬の感情を知っているなら、結婚の日を延期する方が良いでしょう。そうでなければ、矛盾や恨みのエネルギーがあなたの結びつきを乱す可能性があります。

いずれにせよ、この日の結婚は、パートナーが互いの尊厳を尊重するため、滅多に破綻しません。

教会での式を計画している場合、この日はそのようなイベントに適しています。",12番目の月のに生まれた人々は、親切で同情心があります。彼らは多くの苦しみに直面することがありますが、試練の複雑さに関わらず、これらの人々にはそれを乗り越える力が与えられています。,急いだり、慌てたりすることは避けてください。それは害を及ぼすだけです。すべてが進むようにさせてください。しばらくの間、出来事の流れを妨げないでください。,今日は不平を言ったり、うめいたり、自分を哀れむ時ではありません。この状態に長く留まる可能性があります。12番目の月のにおける悪い兆候は、壊れた皿やこぼれた液体です。これは、苦しみと孤独の兆しと信じられています。この状態を受け入れ、体験してください。すべてのことと同様に、必ずや過ぎ去ります。,"予知夢は信じるべきです。夢の中で見るすべては、あなたに好意的な力によって指示されています。悪夢を恐れないでください。それは直接的な危険を意味しません。

もちろん、聖杯は人の夢を無視することはできず、その痕跡を残します。12番目の月の夢は、あなたが気づいていないかもしれない間違いを示すことがあります。

この日にあなたの夢が純粋に物質的な性質であるなら、それは立ち止まり、失われた魂を思い出す時が来たことを意味します。夢が完全に精神的な内容であっても喜んではいけません。現実に戻り、周囲で何が起こっているのかを現実的に見てください。","この日はスパや美容院に行くには最適です。しかし、注意して、今日のマニキュアは避けてください。爪がもろく、壊れやすくなるリスクが高まります。トリムマニキュアの後、爪の修復にかなりの投資をする準備をしてください。

アドバイス。他の手続きを選んでください。治療は爪の質を大幅に改善し、健康と自然な輝きを与えます。最良の選択肢は、何らかの治癒手続きです。結果はあなたの期待を超えるでしょう。

今日はオイルを使用してください。サンダルウッドオイルが最も効果的です。爪に美容処置を行いたくない場合は、あなたのイメージの他の側面に注意を払い、イメージを根本的に変えるか、新しいスタイルの服を選んでください。変化は成功し、内なる調和を達成するのに役立ちます。

この日のポジティブな影響：
新しいネイルカラーを選ぶのに適した時期；治癒手続きが推奨されます；イメージの変更に適した日です。

この日のネガティブな影響：
トリムマニキュアは推奨されません；
鋭利な物を使用する手続きは避けてください。今日は非常に外傷的で、失敗を引き寄せ、生命や健康に対する脅威をもたらす可能性があります。",12番目の月のには、肉、アルコール、タバコを避けることが望ましいです。この日は、あなたの体に大きな害を及ぼします。100グラムの40％以上のアルコールは、30日間の瞑想の結果を完全に破壊します。つまり、精神的な練習中に細胞が受け取ったすべての情報は完全に消去され、最初からやり直さなければなりません。同じ月のこの現象は、さらに強まります。したがって、この日には脂肪や甘い食べ物、卵や魚を避けてください。ナッツ、種子、植物油、果物のジュースが今日の最良の選択です。12番目の月のには断食は推奨されません。,この月の日には、精神的成長に関連するものだけを購入することが推奨されます。たとえば、アイコン、本、キャンドル、精神的な実践のためのアイテム、ヨガや瞑想のためのアイテムです。購入したアイテムは、あなたの生活の中で役割を果たすべきです。また、アート作品、トレーニング、雑誌も含まれます。他の日のショッピングと同様に、特定の購入の選択には意識的にアプローチすることが重要です。,"12番目の月の日は、次のことに適しています：
冬の収穫を目的としない果物の収穫。冬の準備をするための漬物や、食用のトップを持つ植物の漬物。緑、果物、メロンやウリ、葉野菜、ベリーの木、イチゴ、果物の木の植え付け、播種、移植。土地の耕作、剪定、接ぎ木、イチゴの根付け、摘心、間引き、種の収集、剪定、または側枝の除去。

12番目の月の日には推奨されません：
果樹の剪定は、植物が枯れたり死んだりする可能性があります。"
13,"13番目の月の日は曖昧です。あなたは悪循環の軌道に乗っていることに気づくでしょう、すべてが戻ってくるように見えるかもしれません。この循環を断ち切るには、自分自身に取り組む必要があります。一方で、この日は社交イベントやパーティー、ネットワーキング、情報の蓄積にも好都合です。

今日の唯一のトラブルの源は、あなたの過去の過ちから来るかもしれません。それらはあなたの進歩を妨げる可能性があります。あなたはその本質を理解し、いくつかを修正しようとするかもしれないので、元気を出してください。

もしあなたの直感や記憶が、かつて犯した過ちを思い出すには不十分だと感じるなら、宇宙のエネルギーに調和する必要があります。あなたは確実にいくつかのサインを受け取り、何を修正する必要があるのかを知るでしょう。これが13番目の月のシンボルの作用です。結局のところ、ホイールは動きだけでなく、中心、力と光の集中でもあります。今日、現実とその見えない世界の境界は広がっているようです。

13番目の月のエネルギーは、人の創造性を促進します。この日は傑作を創造するのに好都合です。もしあなたがクリエイティブな人なら、ぜひお気に入りの仕事に専念してください：詩を書いたり、音楽を作曲したり、絵を描いたりしてください。",古いトラウマや問題が再浮上するかもしれません。注意と冷静を保ってください。問題を解決すれば、新しいエネルギーの高まりを感じ、新たな一歩を踏み出すことができます。この日は過去の重荷から解放されることができます。,この日は勉強、仕事、ビジネスネットワーキングに好都合です。この日は英雄的な行動には向いておらず、静かなエネルギーがあります。イニシアチブを避け、サポートを得るのが最善です。新しい重要なビジネスを考えているなら、その実行をより好都合な時期に延期してください。同時に、以前に始めた活動をやめないでください。この日は財務問題や取得の解決に適しています。,この日はあなたの体が若返っています。SPAやサウナを訪れたり、化粧品や健康的な食事を利用するのに最適な時期です - それらは完璧に吸収されます。この日は薬も完璧に吸収され、効果を発揮します。,"13番目の月の日は髪の毛を切るのに好都合です。これはあなたの体の排泄機能や泌尿器系の機能を改善するかもしれません。今日は特に過去との密接なつながりがあります。それを手放し、新しいものをあなたの人生に迎え入れましょう。論理的に、ポジティブな変化を望むなら、今日髪型を変える必要があります。

アドバイス。すでにイメージを改善していて、例えば長い髪を育てているなら、少しトリミングするのに良い日です。この小さな手続きは、あなたの髪を豊かにし、急速な成長を祝福します。少なくとも、髪を異なる方法でとかしてみてください。

この日は髪の色を変えるには悪い日です。

ヘアスタイル。スタイリングやヘアスタイルは自宅でのみ、自分の手で行ってください。この日は宇宙のエネルギーが新しい源を通じて伝達されるので、あなたの潜在能力を正しい方向に使ってください。",ポジティブで友好的でいてください。未解決の問題が現れるかもしれないので、整理してください。この日のエネルギーは争いや対立には向いていません。,"結婚のために成熟したカップルは、強い家族を築くことを期待すべきです。もしあなたが30代なら、これは結婚に最適な日です。また、この日は科学に従事している人々にも好都合です。

忍耐力と実用主義があれば、あなたの結びつきは成功するでしょう。",13番目の月の日に生まれた人々は、永遠の探求者である創造者です。彼らは情報を容易に吸収し、楽しんで学びます。一般的に、彼らは長寿を楽しむ傾向があります。,今日、活力が回復しています。エネルギー、血液、栄養素 - すべてが体内でバランスよく循環しています。過去を分析し、新しい情報を得て、教育レベルを向上させるのに素晴らしい日です。この日は創造性とチームワークを促進するので、人と交流し、協力してください。今日は、過去の問題の起源をついに理解できるかもしれません。,大きなことをするのや旅行には悪い日です、すべてが損失や失望に終わるかもしれません。この日は特に一人で行うべき深刻な事務や事業には向いていません。,"この日の夢はしばしば実現します。

夢の中で見たすべての詳細を思い出そうとしてください。後で夢を分析し、適切な結論を引き出し、失敗や過ちを補うことができるようにします。ホイールは円を描くことを意味し、時間内にそこから抜け出す必要があります。13番目の月の日は、通常の事務の円から抜け出し、新しい発展の段階に上がるように招いています。

夢を解釈するための知識が不十分でも、その夢が重要かもしれないと感じるなら、専門家に相談してください。","13番目の月の日は自己ケアに最適な日です。この特定の日にサロンを訪れる予定を必ず立ててください。爪のためのあらゆる手続きはあなたに利益をもたらし、社会的成功を約束します。今日行ったマニキュアは、イメージに完全さを与え、スタイルを高めます。

爪を育てている最中でも、トリミングマニキュアに注意を払ってください。この手続きの後、爪はずっと強くなり、早く成長します。爪の延長は推奨されません。この手続きは成功し、望ましい結果をもたらすでしょうが、この期間中の爪の急速な成長のために、効果は長続きしません。

トリミングマニキュアをこれまで行ったことがなく、劇的な変化を望むなら、今日はコーティングの色を試してみるかもしれません。以前避けていた色が、あなたのルックに驚くほどよく合うかもしれません。ただし、今日は暗い色を避けてください。今日は気分を落ち込ませ、あなたの生活に暗い色をもたらすかもしれません。

この日はシェラックを避けるのが最善です。美しく耐久性のあるコーティングを作成することはできません。

アドバイス。エソテリックな観点から、この日はネイルマスターを訪れるのに理想的な日です。トリミングマニキュアは、人生に幸運をもたらし、長期的な事務の成功を助けることができます。

この日のポジティブな影響：

爪をトリミングし、実験するのに最適な時期です。珍しい色のコーティングを試してみてください。

この日のネガティブな影響：

この日は長持ちするマニキュアを作成するには不向きです。爪や手の皮膚の治療コースを始めることは推奨されません。",この日は果物、野菜、ジュース、全粒穀物の粥を多く摂取してください。料理の探求にも最適な時期なので、今まで味わったことのないエキゾチックな珍味を試してみるのは素晴らしいアイデアです。今日は体を浄化することは避けてください。,13番目の月の日には、何を買うかよりも、どのように買うか、またはどの品質の製品を選ぶかが重要です。この月の日は急いではいけません。すべての製品の範囲を注意深く調べ、最良のものを選ぶ必要があります。そうでなければ、この購入はあなたに何の利益も喜びももたらさないでしょう。購入したアイテムの品質を評価できない場合は、購入を拒否するか、誰かに選択を手伝ってもらうのが良いでしょう。,"13番目の月の日は以下に好都合です：
地上部が食用の作物の収穫：豆類、きゅうり、トマト、ピーマン、ズッキーニ、ナス、トウモロコシ、ひまわり、花、薬用植物。播種、植え付け、移植、接ぎ木、挿し木やランナーの根付け、耕作。接ぎ木または再接ぎ木。種子の収集は良い発芽と豊作をもたらします。この日は根に対しても、損傷に対して敏感ではありません。水やりと施肥（肥料）。

13番目の月の日に推奨されないこと：
木の剪定や摘心。葉や頂部の掃除。"
14,"14日目は、今月で最も力強い日とされています。また、幸運な日とも見なされています。この時間は、決断や断固たる行動に好都合です。日の始まりは、いくつかの大きなプロジェクトの基盤を築くのに適しています。この日は、大きな始まりにとって幸運な日です。このようなチャンスは、来月まで訪れません！

14日目は強いエネルギーを持ち、この日のエネルギーの正しい分配はあなた次第です。いずれにせよ、あなたからの活動とイニシアティブが必要です。もし、いくつかの問題を解決するための力や大胆さを見つけることができれば、長い間目覚めを待っていた内なる潜在能力を実現することができるでしょう。絶望的に思える新しいことを始めることを恐れず、論理的な結論を待っている古いことを終わらせることも忘れないでください。


14日目のエネルギーを日常の些細なことに浪費すると、それは無意味になります。さらに、日が終わる頃には、何も達成していないにもかかわらず、完全に圧倒されるでしょう。この日は、大きなプロジェクトや最も野心的なイベントにのみ好都合です。すべてを正しく行えば、日が終わる頃には力の高まりと、活発で生産的な日の喜びを感じることができるでしょう。

この日は充実しており、情報が豊富です。情報は明示的なものと暗示的なもの、潜在意識のものの両方が含まれます。両方の次元を理解するよう努めてください。あなたが言うすべての言葉に極めて注意を払い、たとえそれが偶然であっても、すべてが将来において重要になります。あなたの人生で起こるすべての出来事に適用できるサインを避けないでください。14日目の情報源は重要になるので、意味のある本を選ぶようにしてください。",この日は、あなたの精神が過負荷にさらされ、気分の変動が起こる可能性があります。もし気分が悪い場合は、スポーツをしたり、身体活動を楽しんだりして、ストレスを解消してください。これにより、エネルギーが正しい方向に流れ、必ずあなたに利益をもたらします。,この月の昼は、ハードワークとアクティブな姿勢を好みます。計画やアイデアを自由に共有してください。この日は、質的に新しいレベルに移行するのに好都合です。昇進、給与の引き上げ、報酬、正当な認識、新しい有益な知人の可能性があります。ビジネスを行っている人やキャリアに駆り立てられている人にとって素晴らしい日です。この日に締結された合意や取引は、非常に成功するでしょう。財務問題を扱うのに最適な日です。探偵にとっても良い日です：この日の犯罪は簡単に解決されます。,すべての病気は深刻な結果をもたらしません。液体の摂取を控えめにしてください：どんな液体も体の機能不全を引き起こす可能性があります。乾燥断食も可能です。アーモンドや塩分の多い食べ物を推奨し、苦い食べ物や甘い食べ物は避けてください。音楽の影響は有益です。良い身体活動を推奨します。,"14日目のヘアカット。気分だけでなく、財政状況を改善したい場合は、今日は美容院に行く必要があります。占星術師や神秘主義者は、この日に幸運を引き寄せるためには、髪をハサミで触れるだけで十分だと信じています。あるいは、さらに良いのはヘアカットをすることです。

アドバイス。美容院に行く前に、雑誌をめくったり、インターネットで今シーズンの最新のヘアスタイルを検索したりしてください。自分に合った新しいスタイルが見つかるでしょう。あなたの友人たちも同じヘアスタイルを望むでしょうが、残念ながら、それはあなたにだけ完璧に見えます。

髪に何も塗布しないでください：マスクもオイルも。ラミネーション、カール、化学処理もあなたを喜ばせることはありません。

自然な染料でのカラーリングやトーニングは、ビジネスの成功に寄与します。

ヘアスタイル。髪を真ん中で分けて、新しいエネルギーを引き寄せましょう。この日を積極的に過ごし、すべての計画を実行してください。",今日は、友人、親戚、愛する人、同僚、パートナー、上司、部下、知人、さらには見知らぬ人とのコミュニケーションがすべてのレベルで素晴らしいです...今日は人々は決意があり、合理的で、成果や変化に向けて準備ができています - この機会を活用してください。,"この日は、特に以前に結婚したことがある人にとって、幸せな結びつきを約束します。

この日、変化の風が吹いており、運命があなたに第二のチャンスを与えています。しかし、過去の経験を考慮し、過去の過ちを通して未来を見つめる場合に限ります。カップルが時間をかけて関係を試した場合、結びつきは成功します。",14日目に生まれた人々は、常に何かを追求し、英雄的である準備ができています。彼らはしばしばカリスマ的で、人々を「燃え上がらせ」、導くことができます。運命はしばしば彼らに味方します。,これは行動の日ですので、スピードを落とさず、栄光に安住せず、選んだ道を進み、未来の成功を信じてください。怠惰を避けてください - エネルギー資源は無限ではなく、その停滞は非常に好ましくありません。日が終わる頃にパーティーを開けば、楽しく刺激的なものになるでしょう。偶然耳にしたフレーズや、新聞で目に留まった行のような情報にも敬意を持って接してください。それが役立つことがあります。,忙しくして、悲しみ、憂鬱、悪い気分を追い払ってください。香水や他の香りの過剰使用を避けてください。,"14日目は貴重な情報の源ですので、夢に注意を払ってください。それらはあなたにとって本当の啓示となる可能性があります。潜在意識はついに隠されていたものを吐き出します。この情報を将来の行動に活用してください。必要に応じて、夢の専門家を巻き込んでください。

この日に注意を払い、サインを読み取れば、あなたにとって効果的な日になるでしょう。","この日は、自己ケアの手続きに最適であり、あなたの美しい爪を大切にするのにちょうど良い時期です。この日に行ったマニキュアは、あなたのイメージと完璧に調和し、数百の褒め言葉を受けることでしょう。同僚たちはあなたの爪の健康的な見た目と、コーティングの選択における理想的なセンスに気づくでしょう。

クラシックなデザインを選んでください。この日はフレンチマニキュアに適しており、あなたを女性らしく魅力的に見せます。

アドバイス。ケア手続きには最適な日ではありません。爪は治癒ソリューションを完全に吸収する準備ができていません。結果は最小限で満足のいくものではありません。オイルの使用を避けてください。シアバターは特に今日有害です。

トリムマニキュアにサインアップしてください。この手続きはあなたの財政状況を改善し、重要な問題を解決します。もしあなたの人生が失敗に満ちているか、正しい決定を探しているなら、マニキュアにサインアップしてください。この日は運命的な決定を下すのには適していません。結果があなたの直接的な行動に依存する状況は避けてください。間違いを犯す可能性が高いからです。

この日のポジティブな影響：

この日に行ったトリムマニキュアは、爪の見た目を改善することが保証されています。爪の形や仕上げのタイプを試すのに最適な時期です。

この日のネガティブな影響：

今日、あなたの爪が栄養を吸収する可能性は低いため、医療手続きを予定しないでください。それらは効果がありません。",今日は食事に制限はありませんが、食材が非常に新鮮であることを確認してください！,14日目は、長い間夢見ていたものを買うのに最適な時期です。そのような夢がない場合は、トラブルに巻き込まれないように買い物を控える方が良いでしょう。しかし、夢を見て、一生懸命働き、貯金をして、その夢を実現しようとしているのなら、前に進んでください。そして、それが何であれ、車でも家でも、タブレットでも本でも、重要なのはそれがあなたの夢の具現化であることです。,"14日目は以下に適しています：
水やりと施肥。土地作業、植え替え、作物の植え付け。収穫。

14日目に推奨されないこと：
剪定、移植、摘心、接ぎ木、側枝の除去"
15,"この月の15日は、幻想、罪、欺瞞に満ちています。強力なエネルギーがすべてを巻き込みます。あなたは体内の鋭い感覚やプロセスを感じるかもしれません。ネガティブな感情とポジティブな感情の両方が特に反応しやすいです。自己制御に注意を払ってください。直感的な感覚があれば、それはおそらく予言的です。

今日は感情に屈しないでください。そうしないと、非常に悪い出来事が待ち受けています。公の場で示す感情に注意し、ネガティブな感情に圧倒されないようにしましょう。意識を高め、ネガティブな思考や悲観主義をブロックし、誰にも害を望まないでください。あなたが行うことや考えることのすべてが、必ず返ってきます。15日の月は、暗闇（自己信頼、不寛容、プライド、短気）と光（愛、忍耐、謙虚）の戦いの日です。そして、その戦いの舞台はあなたの心です。

厄介なことは、あなたがどんな日になるかを決めることです - 暗い日か明るい日か。15日の月の象徴は蛇であり、毒を持ちながらも賢い存在です。死と生、悪と善、暗闇と光、死と再生を調和的に結びつけています。さらに、この動物は非常に狡猾です。彼と競おうとしないでください。",月の影響は今日非常に強力で、内に秘めたすべてのポジティブなものとネガティブなものが何倍にも増幅されます。私たちの内なる誘惑者が活性化されるため、さまざまな分野で多くの誘惑が生じる可能性があります。操作される、怠惰になる、有害な影響に柔軟になる危険があります。これは、行動に対する制御が弱まり、本能が鋭くなることによって説明されます。後で後悔するようなことをする可能性があります。結果は非常にネガティブになることがあります。,仕事やビジネスにとって最悪の日の一つです。障害やミスが起こる可能性があります。深刻な問題からは離れてください。重要な交渉を延期し、金銭取引について考えないでください。今日は社交イベントやエンターテイメント、フェア、セール、展示会、宝くじ、コンテストには適しています。感情を厳格にコントロールし、争いを避け、平和的に解決される可能性が高いすべての対立状況を避けることを忘れないでください。,もし病気であれば、すぐにすべてが解消され、影響は残らないことを確信してください。外科的な侵入は避けてください。今日はダイエットや断食に適しています。香辛料料理や豆、米、大麦をお勧めします。肉は避け、果物の量を制限してください。,"15日の月に髪を切ることはお勧めできません。今日は誰かがあなたの外見を変えるように意図的に説得しようとするかもしれませんが、注意してください。朝は良い見た目を心がけると、1日を通してよりポジティブなトーンが設定されます。編み込みやお団子、または髪を下ろしておくことをお勧めします。

アドバイス。今日は化粧やヘアカットは満足できないでしょう。パーマやラミネーションは偏頭痛を引き起こします。

髪染め。もし本当に何かを変えたいのであれば、髪を暗い色に染めると、失敗が避けられます。

滑らかなヘアスタイルを作り、アイロンで髪をストレートにしましょう。これらすべてがあなたにポジティブなエネルギーを引き寄せ、あなたの大切な願いを実現する手助けとなります。宇宙のエネルギーがあなたに活動を与え、言葉が行動に変わるかもしれません。",誘惑、欺瞞、幻想、罪の1日です。愛する人との対立や理解の喪失が起こる可能性があります。過度に興奮しないようにしましょう。感情を抑え、知恵を持って行動してください。今日は贈り物を受け取る時ではありません。今日はセックスを拒否してください。,"15日の月は結婚には不利とされています。

もしあなたが若く、結婚の決定があなたから始まったものでない場合、またはこの決定を衝動的に行った場合は、再考してください。

しかし、長い間一緒にいる人々は、すべての恐れを捨てて家族を築くことができます。",15日の月に生まれた人々は、健康、長寿、才能に恵まれていますが、学校時代にはあまり勉強せず、しばしば気を散らされます。彼らは多くを失う可能性があり（命を含む）、情熱を抑える道を選ばない限り、他人の成功の残り物に満足することになります。彼らが人生で成功を引き寄せる最良の方法は、自分の情熱を人生の仕事を見つけ、実現することに向けることです。,感情を冷やし、気性や欲望を抑え、自己規律に取り組んでください。今日は他者を守り、正義を回復し、幸福のための戦士になるのに最適な日です。今日は誰かのヒーローになってみてはいかがでしょうか？,興奮に屈しないでください：カードゲーム、賭け事、その他のギャンブルを避けてください。,"この日の夢は予言的であり、あなたが解決すべき問題の反映を示すことがあります。

この日は直感が非常に敏感であるため、あなたの夢は潜在意識の読み取りとなります。15日の月の夢では、あなたを動かすものが善か悪かを知ることができます。したがって、この日の夢を注意深く分析し、自分自身のために適切な結論を導き出してください。

もし夢が素晴らしく心地よいもので、温かい感覚で目覚めたなら、あなたは正しい道を歩んでいると確信できます。

もし悪夢を見て、朝に苦い後味で目覚めたなら、人生の選択や優先事項を真剣に再考する必要があります。犯した過ちを考慮し、人生の進む方向を変えるよう努めてください。

15日の月はそのエネルギーが強力で、多くの感情を鋭くします。このエネルギーがポジティブかネガティブかは、あなた次第です。","ネイルサロンに行くには最適な日ではありません。今日のマニキュアは、爪の健康に害を及ぼし、爪のプレートを悪化させる可能性があります。爪は無色のままにしておくのが最良です。もし今日コーティングをすることに決めたなら、温かみのある自然な色合いを選んでください。

アドバイス。ウェルネス治療はおそらく無駄になるでしょう。効果に失望し、ポリッシュは長持ちしません。

月のカレンダーの観点から、病気のリスクが大幅に増加します。これは、外見に関するあらゆる操作があなたの生命エネルギーを奪うためです。トリミングマニキュアは、心理的・感情的な状態を悪化させる可能性があります。特に感受性の強い人々は、うつ病を発症することさえあります。

この日のネガティブな影響：

この日は伝統的に「サタニック」と呼ばれ、過度の活動やイメージの変更、実験には適していません。ネイルポリッシュには明るい色を避けてください。
トリミングマニキュアは後日に延期してください。",疑わしい賞味期限の製品は避けてください。15日の月では食中毒が起こる可能性があり、今日消費するすべての食べ物に月のエネルギーが注入され、ネガティブな影響が倍増する可能性があります。あなたのメニューには、新鮮な野菜や果物、さまざまな穀物をたくさん含めるべきです。ハーブティーは今日素晴らしい選択ですが、強いお茶、コーヒー、アルコール飲料は控えて、不要な過剰を避けてください。肉は食べても良いですが、高品質のものを少量だけ食べてください。,15日の月は満月を迎え、私たちにさまざまな影響を与える可能性があります。まず第一に、感情に関することであり、感情は時に私たちを狂った行動に駆り立てることがあります。したがって、今日何かを購入することに決めた場合は、すべてを細部まで考慮したことを確認してください。製品を選ぶ際に何かが間違っていると感じた場合は、その購入を別の日に延期する方が良いでしょう。そうしないと、その日のアイテムを購入したことを後悔するかもしれません。低品質のものを手に入れる可能性が高いです。また、大きな購入や長期間使用する予定のものを購入することもお勧めできません。今日は、完全に必要だと確信し、ちょうど欲しいものを見つけた場合のみ、物を購入してください。,"15日の月には以下の作業ができます：
土の緩め、土寄せ、施肥、収穫。

15日の月には推奨されない作業：
剪定、移植、摘心、接ぎ木、植物の摘心。"
16,"今日は調和と適度が支配しています。波に乗り、バランスを崩さないように動くことが重要です。

16日目のシンボルである蝶と鳩は、魂と一つの世界から別の世界へのスムーズな移行を象徴しています。この日の星座は天秤座で、すべてをバランスよく調和させようとします：一方の天秤には私たちの罪深く、地上的な肉体の本質があり、もう一方には私たちの精神的存在があります。これらすべてが、今日のあなたの気分に影響を与えるでしょう。

今日は光と調和に満ちた静かな日です。この日はリラックスに適しています。",今日は正午までベッドにいるのに最適な日です。素晴らしい本を読んだり、のんびりと散歩したりしましょう。もし可能なら、タスクを脇に置いておいてください。この期間は自己分析と平和に最適です。この日はエネルギーと力を回復するのに適しています。知的能力が高まり、熱意の波を感じるかもしれません。エネルギーを何か芸術的なものに向けてください。さもなければ、攻撃的で不適切な行動に引き込まれるかもしれません。,キャリアの目標や仕事への熱意には注意が必要です。望む結果をもたらさないかもしれません。重要なビジネスは延期し、大きな契約を締結するのは避けましょう。重要なビジネスの決定は明日まで待つことができます。大きな財務問題を延期するのが望ましいです。その代わりに、職場で「大掃除」を行い、物を整理し、デスクを片付け、不要なものを捨てましょう。この日は創造性、音楽、詩にも良い日ですので、お気に入りの活動のための時間を見つけてください。,調和を促進する身体運動やバランストレーニングが推奨されます。浄化や健康改善の手続きも有益です。自然の中で良い時間を過ごしましょう。生理的には、この日は脾臓に関連しており、造血機能を調整します。動物性食品やきのこを摂取することは非常に望ましくありません。鉄分が豊富な自然食品を食べると、血液形成を促進します：ザクロを食べたり、ザクロジュースを飲んだりしましょう。過食は避けてください。アルコールは控えましょう。,"16日目に髪を切ることはほとんど利益をもたらさないでしょう。たとえ最高の専門家の仕事でも、あなたの髪に悪影響を及ぼす可能性があります。この日に行った髪型は、同僚や親しい親族からの裏切りにつながるでしょう。

アドバイス：16日目は、レースを止めてただ休む必要がある珍しい日です。髪型を変えることで気分が悪くなるでしょう。形は持続せず、髪型は非常に早く崩れます。そして、あなたはそれに対して何もできないでしょう。

精神的な調和のために、自然の染料で髪を暗いトーンに染めてください。

髪をお団子にまとめましょう。この日は、休んで自分の思考と向き合うことができます。",今日は家族、友人、愛する人との静かなコミュニケーションに適しています。これは和解と関係構築の期間であり、恨みや害を許す時期です。,"16日目は、天体エネルギーが減少し、結婚することは非常に望ましくありません。この日に結婚したカップルは、あらゆる種類の困難や障害に備える必要があります。財政問題、健康問題、誤解が関係に影響を与えるでしょう。

しかし、すべての困難を乗り越えて、今日、愛する人にプロポーズすることは非常に良いアイデアです。レストランでテーブルを予約し、この夜を特別な人にとって忘れられないものにすることができます。",16日目に生まれた人は、人生を楽しむ方法を知っている夢想家です。彼らの人生は通常生産的です。他人を判断することはありません。動物や植物を愛し、理解します。同時に、時には本能や情熱が彼らを破壊し、荒廃させることがあります。そのような人には、無駄な精神的探求が可能です。,今日は攻撃性、叫び、手を振ることを避けてください。大音量の音楽をかけず、いたずらをしないでください。この日は孤独で静かに謙虚に過ごすのが最良です。家事をするのも良いでしょう。掃除に関連するすべてが特に有益です：床を洗ったり、ほこりを払ったり、シャワーを浴びたりすることです。のんびりとした散歩も役立ちます。,内なる快適さと心の平和を乱す可能性のある活動は避けてください。この日のシンボルは適度です。,"夢は内部のストレスを和らげ、病気から解放するのに役立ちます。最も重要なのは、その正しい解釈です。

16日目の夢は、情報の源になることはほとんどありません：解釈は必要ありません。この日は潜在意識があなたの魂の現れのためだけに働きます。したがって、この日の夢は解釈するのではなく、体験する必要があります。

夢が軽やかで、心地よく、明るく、ポジティブな感情だけを残す場合、あなたの人生は正しい方向に進んでいます。あなたはすべてを正しく行っています。

夢が痛みを伴う感覚を残す場合、たとえ16日目に何を夢見たかを覚えていなくても、なぜそうなっているのかを考え、自己改善と精神的成長を考えてください。もしかしたら、あなたの人生のいくつかの立場を再考し、過去の抑圧的な間違いを修正する時が来たのかもしれません。それらはあなたが平和に生きることを許さないのです。","この日がネガティブなエネルギーを持たないにもかかわらず、新しいことを始めたり、大きな変化を加えたりすることは避けてください。ネイル技術者との予約がある場合は、再調整するのが最良です。この日に行った爪の変更は、あなたのイメージを台無しにし、将来的に爪がもろくなる原因となるかもしれません。

この日にマニキュアで見た目を変えたり補ったりしようとしないでください。あなたが望んでいた効果は得られず、失望することになります。

ただし、エクステンションやカラーリングは行うことができます。自然な色合いを選んでください。今日は、爪の強化のための治療コースを始めたり、少しリラックスしたりすることができます。サロンや自宅でのリラックスマスクやバスも楽しむことができます。

アドバイス：16日目は静けさと安らぎに適しています。この期間中に行われた変更は、失敗をもたらし、健康を著しく弱める可能性があります。

この日のポジティブな影響：

爪をカラーリングできます；サロンでも自宅でも同様に効果的なケア手続きを特に重視してください；

この日のネガティブな影響：

トリムマニキュアは爪に無気力な外観を与えます。爪に関する実験は禁止されています。ネイルエクステンションをしたことがない場合、今日は始めるのに最適な日ではありません。",前の日にあなたの体がいくらかの生命力を失ったため、今日は断食の試みを避けることをお勧めします。今日は栄養価の高い食事を選びますが、胃を過負荷にしないようにしてください。過食すると、体はそれを消化するために多くのエネルギーを浪費します。また、今日は肉や魚を摂取しないことをお勧めします。そうすれば、体が浄化されることができます。粗い食物の繊維が多すぎると、浄化プロセスを妨げ、新たな問題を引き起こす可能性があります。さらに、この時期は肉が適切に消化されず、体が今日毒素を浄化することに集中しているためです。ポジティブな振動で満たされた食べ物だけが吸収されます。残念ながら、肉自体にはポジティブなエネルギーが含まれていません。,16日目はあらゆる種類の購入に不利です。商品を見て回ったり、さまざまな製品について情報を集めたり、品質や価格を比較したりすることはできます。しかし、この日に商品に対して支払いをしたり、取引を締結したりするのは避けるべきです。エネルギーの低下により、重要な何かを見逃す可能性が高く、その結果、購入したものを後悔することになります。,"16日目は以下のことを推奨します：
土壌の耕し、畑の土寄せ。土壌の肥料。雑草取り。植物を害虫からスプレーする。

16日目に推奨されないこと：
植え付け、側枝の除去、剪定、植物の摘心。薬用植物の収集は、薬用特性がないため推奨されません。"
17,"この日はコミュニケーション、友人との交流、出会い、明るいデートに適しています。午前中は創造的な取り組みに適しています。ただし、極端なことは避けてください。

17番目の月の日はポジティブなエネルギーに満ちています。敏感な人々は、長い間待ち望んでいた人生の重要な啓示を受け取ることができます。同じ理由から、この日に運命的な出会いがある可能性があり、成功した結婚で幸せになるかもしれませんので、この日に出会った知人に注意を払うべきです。

豊富なエネルギーがあなたの周りを循環します。それをうまく管理できれば、完璧な一日になります。しかし、弱さを認めてこのエネルギーの流れをどう扱うか分からない場合、すべてが悪化する可能性があります。多くの人々が騒がしいパーティーを開き、酔っ払いや喧嘩で終わることがあります。

それでも、この日は愛に満ちており、あなたは魂の伴侶に対して惜しみなく愛を与えたくなるでしょう。この日は、喧嘩している恋人同士の和解、成功した結婚、情熱的で熱い夜の愛に適しています。愛されるために生まれた女性たちは、この愛を惜しみなく与えます。

この日のエネルギーは創造的な取り組みを促進し、自己表現の素晴らしい機会を提供し、成功を収める可能性が高いです。",この日は、内なる自由を簡単に見つけることができます。もっと自分を許し、リラックスし、楽しむことができます。しかし、制御できないエネルギーで満ちているため、気を失わないようにしてください。,ルーチン作業、報告、過労は推奨されません。新しい取り組みを始めるべきではなく、以前に始めた未完のものを終わらせる方が良いです。真剣な交渉は今日失敗する可能性があります。今日の義務を避け、内なる自由を保つようにしてください。約束を避けてください。今日は創造性と芸術の人々にとってインスピレーションの本当の祝日です。この日は旅行や商取引、金融取引にも適しています。,この日は怪我や感染症の危険があります。依存症を引き起こす薬物は避けてください。サウナやアンチエイジングの処置が推奨されます。,"17番目の月の日は、髪の操作に適しています。最もシンプルなカットでも多くの喜びをもたらし、イメージを大きく変える決断をすれば、後悔することはありません。勇気を持って、ずっと望んでいたヘアスタイルに挑戦してください。美容師は新しいカットのスタイリングのヒントを教えてくれ、将来の朝のルーチンを大いに楽にしてくれます。

アドバイス。17番目の月の日は美しさが倍増するので、少し多くの注意を払う価値があります。この日に延長された髪は長持ちし、喜びをもたらします。

パーマやケラチンストレートも効果的で、髪に健康的な見た目を与えます。完全にリフレッシュしたら、友人と楽しい時間を過ごしてください。しかし、こんな素晴らしい日でも注意が必要です：嫉妬深い人々があなたに災いをもたらす可能性があります。

自然な染料での髪の色付けは、愛する人との関係を改善します。

小さな編み込みを作り、そこに黄色のリボンを編み込んでください。このヘアスタイルは太陽のエネルギーを引き寄せ、この日は希望と熱意の日になります。",これはコミュニケーション、ネットワーキング、祝賀、明るいイベント、楽しみ、歌、ゲーム、（驚かないでください！）筋力トレーニングの一日です。ですので、運動を考えたり、友人と過ごしたりしてください！,"この日は結婚に適しており、結婚は長く幸せなものになることを約束します。祝賀は成功するでしょう！

結婚生活は失望するルーチンや争いから解放され、子供たちがこの家族をさらに強くします。ここで最も重要な要素は信頼です。",17番目の月の日に生まれた人々は才能がありますが、愛されることを切に必要としています。彼らは対になった極性のエネルギー源を必要とし、そうでなければ人生で弱くなるリスクがあります。自分の伴侶を見つけた者は幸せで繁栄します。,可能であれば、この月を計画して、この月の日がビジネスから自由であるようにしてください。代わりに、クールなアウトドア活動を選んでください。,楽しみが完全な暴走に変わらないようにし、アルコールの乱用を避けてください。この日のエネルギーは慎重な管理が求められます。熱い感情反応が起こる可能性のある状況を避けてください。今日のエネルギーの揺れは不快な結果をもたらす可能性があり、その結果の規模は重要で悲劇的なものになることがあります。,"17番目の月の日のエネルギーはあなたの潜在意識に影響を与えます：それは啓示を読み取ることができる賢い人に、正しい道を進んでいるかどうかを教えます。この日に見た夢は病気を癒す方法を示唆することがあります。夢の中のイメージではなく、目覚めた後の感情を覚えておくことが非常に重要です。

もし夢が軽やかで心地よいものであったなら、たとえ正確に何を夢見たかを思い出せなくても、これは一つのことを意味します：あなたが選んだ道は正しいのです。だから、それを外すべきではなく、他の道を探したり疑ったりしないでください。

目覚めたときに陰鬱で不快な気持ちを抱いているなら、おそらく自分の道がどこに向かっているのか考えるべきです。自分の経験や行動を分析し、いくつかの価値観や理想を再考してください。もしかしたら、すべてを台無しにした間違いに取り組む時が来たのかもしれません？

この日のポジティブなエネルギーを感じ、それを正しい方向に向けるようにしてください。この場合、あなたの人生で最も特異で幸せな日として記憶されるでしょう。

","この日は自分に素敵なネイルケアの手続きをするのに最適です。今日は、どんな変化も多くの利益をもたらすことが設定されており、単に爪を整えるだけでも気分が劇的に変わることがあります。しかし、もっと多くのことができます！

イメージの変化は魅力を高め、爪は手入れが行き届いた健康的な見た目を得ます。実験することを恐れないでください！ビルディングから新しいファンシーデザインまで、何でも大丈夫です。テクスチャーのあるマニキュアを試してみてください、あなたは素晴らしいでしょう！治療手続きもちょうどいいタイミングです。あなたの爪は何でも吸収する準備ができており、その結果は長持ちします。

この日のポジティブな影響：

トリムマニキュアや新しいデザインの選択に最適な時期です。すべての種類のネイルトリートメントに適しています；

この日のネガティブな影響：

あなたの人気の高まりや素晴らしい見た目が、嫉妬深い人々の噂の話題になることがあります。騒がしい集団や悪口を言うのが好きな人々を避けてください。",17番目の月の日は、祝祭のテーブルに最適な時期です。今日は、最も非凡な料理、特別なもの、毎日作らないものを楽しむ価値があります。珍しいもの、年に一度か二度しか作らないようなものを選んでください。世界の料理のどれかがそのようなごちそうになり得ます。愛を込めて料理をすることを忘れずに、あなたの料理が祝祭の精神に満ち、あなたとあなたの家族に喜びと内なる平和をもたらすようにしてください。この月の期間中は、肉、魚、エキゾチックな食べ物など、何でも食べることができます！,この日はあらゆる買い物に適しています。特に、人々に喜びと祝祭の気分をもたらすために設計された製品、たとえばおもちゃ、いたずらのおもちゃ、花、ワイン、コニャックに適しています。重要なのは、喜びを持って高揚した気分で商品を購入することです。そうでなければ、購入はあなたを幸せにしません。これは、休暇や旅行のためのバウチャーやチケットを購入するのにも良い時期です。,"17番目の月の日は次のことに適しています：
植え付け、播種、収穫。ブドウの収穫とワイン製造。雑草取り。

17番目の月の日に推奨されないこと：
植え付け、側枝の除去、剪定、植物の摘心。"
18,"この日にあなたに起こるすべてのことは、あなたの内なる世界の鏡です。出来事、人々、意見は、あなたが誰であるかを反映しています。

第18の月の日は、私たちが自分自身に取り組み、これまで私たちの魂が抱えていた歪みを修正するチャンスを与えてくれます。しかし、この日が難しくなる理由でもあります：自分自身を理解し、いくつかの批判に対処するために多くの努力をしなければならないからです。

もし今日静かにしていることを決めたなら、それは悪影響を及ぼす可能性があります。誰かの影響を受けて操り人形になってしまうかもしれません。あなたは皆に尊敬されているように感じるかもしれませんが、それは自己欺瞞と幻想に過ぎません。決断を下す時が来たとき、彼らはあなたの意見を聞こうとしないでしょう。",この月のエネルギーは人を受動的にします：これは、昨日の過活動的で感情的な状態の後では自然なことです。あなたは他人の影響を受けて誰かを模倣し始める危険があります。他人や幻想に影響されず、本能や暗い思考に屈しないでください。この日にあなたについて言われた不快なことは大部分が真実ですので、怒らず、どうすれば良くなるかを考えてください。もし何か心地よいことを言われたら、喜んでください。今日の優しい言葉もまた純粋な真実です。,重要なビジネスや交渉は延期してください。この日は真剣な仕事には最適ではありません。日常のルーチン作業を行うか、休暇を取っても良いでしょう。この日は科学的な仕事、創造性、芸術に適しています。上司に連絡して小さな簡単な問題を解決することができます。簡単な財務問題も成功裏に解決されます。,この日に飲酒や喫煙は避けてください。腸の浄化と断食が推奨されます。計画している手術は延期してください。腎臓に注意を払ってください。皮膚の浄化、マッサージ、若返り、蒸し風呂が最も効果的です。早起きして遅く寝る必要があります - 今日は睡眠が少なくて済みます。料理にナッツや植物油を加えることを検討してください。肉の摂取を制限してください。,"第18の月の日に髪を切ることは推奨されません。新しいことを始めるのは避けてください。古い問題を解決してください。お金をポケットに入れて、支出を避けてください。

アドバイス。この日に髪をいじることは推奨されません。結果はあなたを喜ばせることはありません。

スカルプマッサージは可能です。家族や親しい友人と夕方を過ごしてください。

自然の染料でのヘアカラーは、あなたに幸運を引き寄せ、成功のチャンスを高めます。

風のエネルギーを引き寄せる前髪のヘアスタイルを作ってください。今日あなたに起こるすべてのことは、近い将来に起こることの鏡の反映です。",この月の前半は、対立、予期しない状況、トラブルが伴います。悪いことが自然に、突然に起こるようです。誤解や自己中心的な行動が、仕事や家庭の問題を引き起こすかもしれません。過剰な自己評価や自己中心的な行動を避けてください。,"この日は結婚には不利です。

この日に形成された家族は苦しむ運命にあります。頻繁な抑うつ、不合理な憂鬱、無気力に悩まされるでしょう。各パートナーの過剰な自己分析は、関係の破壊につながる可能性があります。

この日は結婚には適しておらず、性行為も控えた方が良いでしょう。

この日に例外となるのは、新郎新婦の一方に双子の兄弟または姉妹がいる場合です。そのような結婚は成功します。",第18の月の日に生まれた人は、幻想を避けるべきです。そうでなければ、幸運や幸福を得るのが難しくなります。幻想を克服すれば、驚くべき成功を収めることができます。この日の最高の表現は、大義のために犠牲を払うことができる無私の人です。,今日必要なのは、自制と慎重さです。冷静に、自分自身と周囲の人々を客観的に評価してください。,この日は慎重で、賢明で、控えめであることが求められます。この日は香りを扱うのには適していないため、香水を選んだり使用したりすることは避けてください。,"第18の月の日に、あなた自身についての夢を見るでしょう。それは、あなたが知らないかもしれない最も隠れた本質を反映します。これは、週の後半に衝動を抑えるために非常に役立ちます。

夢の中で攻撃的に振る舞い、周囲のすべてを破壊する準備ができている場合、考えてみてください：なぜそんなにネガティブなエネルギーがあなたの中にあり、爆発しているのでしょうか？もしかしたら、あなたは自分を殻に押し込めすぎていて、イニシアティブを取ることを恐れているのかもしれませんが、あなたの魂は燃えていて、全く異なる何かを求めているのではないでしょうか？それとも、誰かを嫌っているが、その人と和解できず、それがあなたを苦しめていて、夢の中にまで現れているのでしょうか？

第18の月の日の夢を注意深く分析してください。夢はあなた自身の本質や、取り組むべき痛みの部分を示すかもしれません。これらのおかげで、外部と内部、周囲とあなたの内なる世界のバランスを取ることができるでしょう。","この日はマニキュアには不利です。結果はあなたを喜ばせることはなく、むしろ爪の健康に深刻な問題を引き起こす可能性があります。また、これまで試したことのないエキゾチックな手技も避けてください。しかし、爪の長さに関係ない手技を考慮することはできます。

アドバイス。パレットの任意の色合いを選んでください。結果は必ずあなたを喜ばせるでしょう。また、治療や強化の手技のいずれかにサインアップしてください。結果を気に入るでしょう。

今日、トリムマニキュアを行うと、爪の状態を悪化させるだけでなく、貴重な財産を失うリスクもあります。

この日のポジティブな影響：

爪を染めるのに適した時期です。また、爪の構造を改善するために時間をかけてください。

この日のネガティブな影響：

爪の形を変えたり、複雑なエクステンションを行うことは推奨されません。",この日にアルコールは控えめに摂取してください。特にウォッカは避けてください。パーティーを楽しむ予定がある場合や、避けられないイベントがある場合は、ワインを選んでください。シャンパンは第18の月の日に全く予期しない結果をもたらすことがあります。メニューにはできるだけ多くのナッツを含めてください - アーモンド、クルミ、松の実、ピーナッツ、ヘーゼルナッツなど。肉は少量摂取できます。自分の体に注意を払い、特異な欲求があるか、何を求めているのかを感じ取ってください。それに従ってください！,第18の月の日は模倣や他人の見解に受動的に従うことに関連しています。誰かが他人に従って、必要のないものを買う可能性が高いです。今日は買い物を避けてください。唯一の例外は鏡やクリスタルです。これはこの日のシンボルです。,"第18の月の日は以下に適しています：
地下部分が食用の植物の播種と植え付け：ジャガイモ、ニンジン、カブ、タマネギ、ビート、ピーナッツ、カブ。保存のための球根や塊茎の掘り起こし。木の移植、接ぎ木、剪定。雑草取り、間引き、病気や害虫に対するスプレー。

第18の月の日に推奨されないこと：
水やりは控えめに。植物の根を扱うことは避けてください。土壌の耕し。"
19,"この日はネガティブで危険なエネルギーを持つと考えられています。第19の月の日は非常に困難で、人々に余分な努力を強いることがあります。これは宇宙から降り注ぐ大量のエネルギーによって引き起こされます。この日は、自分の運命を作ることを意味することが多いです。思考や行動が人生の道を決定づけるでしょう。

この日の過剰なエネルギーは感受性を鋭くし、脆弱にすることがあります。その結果、他者の影響を受けやすくなり、その影響から抜け出すのが非常に難しくなることがあります。さらに、この日は他人を操る側に回ることも容易です。これらすべてが幻想や自己欺瞞、誤った決断につながる可能性があります。

親しい友人や長年のパートナーでさえ裏切る可能性があることを認識してください。この日にあなたに来るすべてのことを疑ってかかりましょう。誰にも何にも信頼しないでください。",時には、無造作な言葉や視線が嵐の目に入るのに十分です。バランスを保つために、自分自身に集中してください。自分の人生を振り返り、過去に誰かに対して失礼や不公平なことをしたか思い出し、許しを求めてください。過去に誰かに傷つけられた場合は、心から彼らを許してください。これは間違いを正し、過去の過ちが現在や未来に悪影響を及ぼすことを防ぐ確実な方法です。,この日は重要な事柄や契約に不向きです。契約を締結しないでください。現在の事務について話し合うことはできますが、決定は別の日に延期してください。ビジネスの提案を受け入れないでください。理性的に行動してください。一つの無謀な行動がこれまでの努力を無にする可能性があります。お金の問題に関わること、借金の返済や借り入れは推奨されません。詐欺や欺瞞を避けてください。ビジネス旅行は有益ですが、特に一人で旅行する場合は良いでしょう。今日は仕事や活動の分野を変えるには最も不向きな日です。,この日は精神的に傷ついた人にとって不利であると考えられています。この日に病気の人には長引く病気が待っています。食べ物に注意してください。今日は中毒の危険が高まっています。,"第19の月の日は髪を切ることは推奨されません。この日にお金を使うことに関することは推奨されません。古い事務、特に借金を清算してください。この日にお金を自分の近くに保つことが良いでしょう。さもなければ、失うリスクがあります。

アドバイス：髪に関する手続きは満足のいく結果をもたらしません。髪の小さな長さの損失に対して、あなたのカルマは満足しないでしょうし、あなたに厳しい冗談を言うかもしれません。

スカルプマッサージは許可されています。

髪を染めることに決めた場合は、自然な染料を使用してください。これにより、ビジネスパートナーを引き寄せることができます。

2時間ごとに髪をブラッシングすることを推奨します。",挑発に乗らず、挑発を引き起こさないでください。いかなる争いにも参加する必要はありません。混乱し、関係を壊すだけです。接触を最小限に抑え、必要がない限り電話を取らないでください。,"この日は重要で真剣な決定を下すには不向きであり、結婚することは推奨されません。この日に結婚することで、心から愛する人ではなく、その隠れた側面と結婚することになるという意見もあります。

この日は結婚と離婚の両方にとって不運であると考えられています。

一緒に過ごす人生の中で、あなたは常に危険を冒し、最終的には離婚に至るでしょう。それが必要ですか？十分に情報を得た上で決定を下してください。",第19の月の日に生まれた人々には才能が与えられますが、しばしば孤独を約束されます。彼らの使命は、世界に光と善をもたらすことです。謙虚で自己犠牲的な人には、人生が好意を示します。,状況が許すなら、家で一日を過ごしてください。この日は物質的および精神的なすべてを浄化するのに良い日です：魂、良心、思考、体、家。家の中では一日中キャンドルを灯しておくべきです。小さな火の源を見つけるか、作り、そのそばに座ってください（暖炉があれば完璧です）、またはただキャンドルの光を利用してください。,酔っ払いや薬物の影響下にある人々には注意してください。彼らは多くの損害を引き起こす可能性があります。,"この日に見る夢は恐ろしいかもしれませんが、実現することはありません。第19の月の日の夢を解釈する際の重要なことは、自己欺瞞や幻想に屈しないことです。自信過剰にならず、専門家に夢を解釈してもらいましょう。さらに、この日の夢は、現在あなたの意識で起こっている深いプロセスを理解するために重要です。

あなたの潜在意識の微妙な側面は、夢の中で現れる傾向があります。その夢の中のイメージを正しく捉え、正しい解釈を得ることで、あなたの人生で起こっている多くのことを再考することができます。この知識は、あなたの人生で最も重要なことをコントロールするのに役立ちます。

","この日は変化や努力、変革には向いていません。静かな日を過ごすことを選び、家にいて良い本や安心感を与えてくれる他のことを楽しんでください。

古い関係を回復し、親しい人の信頼を取り戻そうとしないでください。今日は建設的な対話ができず、和解の準備もできていません。

この日にイメージを変える計画を立てないでください。その結果はあなたに快適さをもたらさず、長い間気分を沈ませることになります。積み重ねは推奨されません。マニキュア中に小さな怪我が起こる可能性があります。

アドバイス：爪を改善したり、色を変えたりする手続きは控えてください。重要なイベントがある場合に新しいポリッシュが絶対に必要な場合は、それでも大丈夫です。それは特にあなたを幸せにすることはありませんが、少なくともあなたに害を及ぼすことはありません。

カルマ的な観点から、この日は爪の長さや全体のイメージを変えるには適していません。そのような行動は、健康の低下やビジネスの失敗を引き起こすでしょう。また、体の防御能力が低下するため、あなたが取り組むほとんどの活動やタスクは困難になるでしょう。この日に契約を締結したり、大きな買い物をしたりすることは避けてください。

この日のポジティブな影響：

爪に新しいマニキュアを施したり、バスをしたり、ケアオイルを使用するのは良いアイデアです。効果は大きくはありませんが、ネガティブな結果をもたらすこともありません。

この日のネガティブな影響：

爪の長さを変えることは深刻な健康問題を引き起こす可能性があります。爪の形を変えたり、イメージを変えたりすることは避けてください。",今日は軽くてシンプルな家庭料理を食べるようにしてください。中毒のリスクが高いです。,第19の月の日に商品を購入することは避けてください。特に食べ物は危険です。質の悪いものを買って中毒を引き起こすリスクがあります。不要なものを家から取り除き、整理し、蓄積されたゴミを掃除する方が良いでしょう。そうすることで、新しいものを生活に招き入れることができます。それらはあなたの生活空間に場所を持つべきです。,"第19の月の日は以下に最適です：
若い芽の成長を遅らせるための植物の剪定。接ぎ木、雑草取り、間引き。球根や塊茎の掘り出し。有機的な根の施肥。水やり、害虫や雑草に対するスプレー。

第19の月の日に推奨されないこと：
庭の道具を使った作業"
20,"この日は、不可能を可能にする素晴らしい機会の日です。この日は、精神的な啓発と疑念の解消を促します。

20番目の月の日はエネルギーに満ちており、そのエネルギーは創造のものであり、破壊のものではありません。このエネルギーを正しい意図で活用する方法を見つけることができれば、あなたの人生に変化を引き寄せ、すべてをより良い方向に変えることができるでしょう。この日は積極的に行動してください、運があなたに味方します。

この日のエネルギーは、これまで隠されていた真実に目を開かせることができます。未来の計画や世界観を変えることも可能です。ただし、これは過去の行動を再考し、すべての間違いを認識し、それを補う方法を探ることができる場合に限ります。この場合にのみ、前進する力を感じ、あなたの取り組みは成功するでしょう。",この日のエネルギーは、あなたの精神的な成長を促進します。これは、あなたの欠点に対する勝利の日です。多くのエネルギーが必要なので、賢く使いましょう。最も望む目標に集中すれば、何もあなたを止めることはできません。誇り高くなりすぎないように注意してください。,財務問題、仕事、ビジネスを解決するための最良の日の一つです。この日は、どんなビジネスや企業にも良い日で、運が訪れます。建設作業を始めたり、重要な決定を下すのに適しています。12番目の月の日は、ビジネスにおいて最も成功する日とされています。取引や金銭の取引、上司とのコミュニケーションに最適です。この日は、出張や職場の変更にも好都合です。,この日は断食や悪習慣を断つのに適しています。肉やアルコールは推奨されません。有害な人工的な匂いを吸い込むことも避けるべきです。サウナに行くには素晴らしい日です。,"20番目の月の日に髪を切ることは推奨されません。髪は鈍く無気力に見え、ヘアスタイルは退屈で失望させるものになります。

アドバイス：スタイリングやヘアスタイルに時間を無駄にしないでください、どうせ気に入らないでしょう。どれかを選んでも、数分後には全く似合わないことに気づくでしょう。これが気分を台無しにする可能性があります。

髪の構造を変えるものは、髪の健康に悪影響を及ぼします。ラミネーション、パーマ、ケラチンストレートは、これらの手続きにとってより成功する日まで延期してください。髪に関するすべての操作は、健康、カルマ、愛する人との関係に悪影響を及ぼします。髪を放っておけば、非常に良い日になることがわかるでしょう。

髪を染めるのは避けた方が良いでしょう、ビジネスに害を及ぼさず、気分を損なわないために。

髪をそれぞれの方角に向かってとかしてください。このジェスチャーは、自然エネルギーを最大限に引き寄せ、内省と反省に近づけてくれます。",この日はコミュニケーション、チームワーク、問題解決に最適です。今日は人々が社交的でオープンです。この日はネットワーキングや古い絆を強化するのに好都合です。対立を避けてください。親しい人や同じ志を持つ人と質の高い時間を過ごすことを確認してください。コミュニケーションから多くの喜びを得られ、いくつかの重要なことを理解できるでしょう。,"自分自身とパートナーに自信があるなら、この日に結婚する価値があります。また、宗教的な教えを実践している人々にも適した日です。

今日、家族を作ることで、嫉妬や物質的な困難によって引き起こされるスキャンダルから自分を守ることができます。",20番目の月のに生まれた人は、幼少期からしばしば口論好きで妥協しない性格を持ち、親はそれに対処しなければなりません。忍耐力と粘り強さが彼らの特徴です。20番目の月の最良の人々は、自らを犠牲にして目的のために尽くす禁欲者です。最悪の場合、彼らは偽の教師や独裁者になることがあります。,この日はビジネスやコミュニケーション、家事や引っ越しに好都合です。,嫉妬や悪意が今日あなたを傷つける可能性があります。プライドを抑えてください。この日は香水との接触は推奨されないため、香水の選択や使用を避けてください。,"20番目の月の夢は、正しく解釈されれば、あなたの人格をあらゆる側面から示すことができます：意識のポジティブな表れとネガティブな表れ。

これらの啓示はあまり快くないかもしれませんが、自己理解を深め、教訓を学び、変化を促す助けになります。この日の夢の特徴は、過去、現在、未来の出来事が再統合され、絡み合うことです。これは、過去に行ったすべての行動が、何らかの形で未来に影響を与えることを再確認させるでしょう。

人生における因果関係を理解することで、あなたは自分の存在の全体像を、飾り気なく見ることができます。これが、あなたが人生を見極める助けとなり、月の日のポジティブなエネルギーが必要な変革を始める手助けをしてくれるでしょう。

20番目の月のポジティブなエネルギーを活用してください：それがあなたの人生をより良い方向に変える手助けをしてくれます。","21番目の月の日は変化や変革に適していますが、爪の手続きには好都合ではありません。トリムマニキュアのような小さなことでも、気分の変動やすべての取り組みにおいて悪運を引き起こす可能性があります。爪板の割れに注意してください。

エクステンションや新しいデザインを試みることも、期待した効果をもたらさないでしょう。特に月の影響を受けやすい人々は、落ち込むことがあります。

複雑なデザインで人々を感心させようとしないで、代わりに控えめで実用的なものを選んでください。もし、やむを得ず異常な色合いや極端なエクステンションを選ぶなら、他人の目におけるあなたの権威の低下や口論、多くの誤解に備えてください。

アドバイス：この日に行うすべての爪の手続きは、爪に害を及ぼす可能性があります。もしあなたが落ち込みやすいなら、内なる平和や自信を奪うような取り組みに参加することは避けてください。

この日の悪影響：

この日は爪を伸ばすのには適していません。結果は、最も控えめなファッショニスタさえも感心させることはありません。新しいデザインは、あなたの感情的な健康を悪化させ、他人の目における影響力を減少させる可能性があります。色付けも望ましくなく、コーティングはすぐに新鮮さを失います。",この日は肉を控えめに摂取してください。この日は、愛する人や友人と一緒にエキゾチックな料理のレストランを訪れ、今まで食べたことのない珍しいものを味わうのに最適です。,20番目の月の日は、スニーカーからダンベル、プールのサブスクリプションからパーソナルトレーナーの支払いまで、スポーツに関連するものを購入するのに最適な日です。移動に関連するすべてのもの、車、自転車、バイク、さらには馬やロバを購入するのにも有益です。この日は、商品品質に100%自信がある場合に限り、オンラインショッピングにも適しています。,"20番目の月のには、以下のことを行うのが良いアイデアです：
地下部分が食用の作物を収穫する。長期保存用のものを収穫する。摘心、接ぎ木、再接ぎ木を行う。植物を植え、木を剪定する。害虫や雑草を取り除く。植物に肥料を与える。苗を間引き、ランナーを剪定する。落ち葉の掃除。

20番目の月の日には推奨されないこと：
根に関するあらゆる操作。過剰な水やり。"
21,"今日はあなたが止まらない日です！この日は、困難な作業をボランティアで行うこと、恐れず無私でいることに適しています。根本的な変化と野心的な願望のための日です。

通常、この日には記録が樹立され、最も重要な発見がなされます。今日、あなたの中に隠れていたすべての力と資源が目覚めます。これらの機会をタイムリーに活用し、良い大きな目的に向けてそれらを導き、些細なことで無駄にしないでください。

今日は、以前に考えた多くのことを実現するための前例のない決意と勇気を感じるかもしれません。今日は恐れや疑念の余地はありません。さらに、価値ある目標や結果を達成するために、自分の利益の一部を犠牲にすることさえできるでしょう。これによって、日常のルーチンから抜け出し、人生を改善することができます。

21番目の月の日は、孤独を打破することができ、必要な数少ない日です。この日は、あなたの活動のために多くのことを理解し、新しい地平を開くのに役立つ、積極的で有益なコミュニケーションに適しています。仕事では、多くの人々が一つの目標のために団結できるチームスピリットが大いに役立ち、その結果はすべての期待を超えるでしょう。この日は友人を訪れ、彼らに対して思いやりと注意を示すこと、正直さ、公正、善意、友好に適しています。嘘、貪欲、自己中心的な行動は避けることをお勧めします。

したがって、最も活発なコミュニケーションの瞬間には、自分の考えや行動を注意深く分析することを忘れないでください。自己改善に努めてください。この日はエネルギーの流れを扱うためのグループスピリチュアルプラクティスに適しています。スピリチュアルな会話、悔い、告白も大きな安堵をもたらします。ネガティブな瞬間を取り除き、それを修正し、ポジティブなものを強化し、顕在化させてください。自分の殻に閉じこもらず、すべての問題を吐き出してください。

21番目の月の日には独自の兆候があります。まず、この日に欺かれたり裏切られたりした場合、すぐにそれを知ることになります。次に、この日には約束が特に強力です。約束を破ると悲劇的な結果が生じます。したがって、無駄な約束をしないように注意してください。",正義感と公正感が目覚め、秩序の感覚が生まれます。人々は何かを変えたり、蓄積された問題に取り組んだりする決意を持っています。兄弟愛の日であり、時には親しみやすさに変わることもあります。,この日は新しい仕事を得るのに適しています - 新しい分野での制御不能な前進と迅速なキャリア成長が保証されます。計画の実施において、同じ志を持つ人々の支援を期待できます。チームワーク、コラボレーション、計画の策定は非常に生産的になります。今日、ビジネス拡大に関連する興味深いオファーを受け取るチャンスを逃さず、新しい連絡先を確立してください。この日に外国人との新しいパートナーシップは非常に有望です。ネットワーキングは将来的にあなたの財政状況を大幅に向上させます。今日は創造性と芸術、コンサート、展示会の特別な日です。これは前進し、金銭問題を解決する時です。重要な注意点：この日の犯罪は簡単に解決されます。探偵たち、チャンスを逃さないでください！,今日は病気は危険ではありませんが、患者には真剣で注意深いケアが必要です。この日は悪習慣を断つのに最適です。肝臓に気をつけて、毒素や有害物質のリスクがあります。血液浄化の手続きが推奨されます。ハーブ、ニンジン、クランベリー、ビート、ザクロの煎じ薬を自分にご褒美として与えてください。この日は入浴、シャワー、冷水のかけ流し、ハーブ療法、そしてあらゆる身体的および精神的な浄化に適しています。,"21番目の月の日は、外見の変化を歓迎します。美容院に行くには素晴らしい日です。髪を切ったり、新しい髪型にしたり、単に枝毛をトリミングしたりできます。小さな変化でも、あなたの外見を目立たせることができます。

アドバイス：ヘアエクステンションは禁じられていません。これにより血液循環と毛根の栄養が改善されます。もし勇気があれば、いくつかのカラーストランドを追加すると、配偶者や同僚の目には若々しく見えるでしょう。

美容処置は強い治癒効果を持ち、髪の見た目を大幅に改善します。髪の状態を改善することで、カルマに目立つ貢献をし、健康が改善され、お金が常にあなたのもとに留まり、男性はあなたを評価し愛するでしょう。しかし、それでも友人に時間を割くようにしてください。結局、今日は彼らの日です。

自然な染料で明るい色に髪を染めると、良い人々を引き寄せるのに役立ちます。

金属製のヘアピンやヘアピンなどのアクセサリーを髪型に追加することができます。",友情や同盟、旅行や出張に最適な時期です。遠くに住む親戚に連絡したり訪問したりすることをお勧めします。,"今日は結婚に適した日です。メディアの人々は21番目の月の日に結婚式の日取りを設定する義務があります。この日は彼らにとって完璧です。結婚式の祝賀を華やかで盛大にしましょう。皆があなたのイベントを覚えておくべきです。

この日に結婚式を華やかに祝うほど、あなたの未来の生活も華やかで豊かになります。",21番目の月の日に生まれた人は、通常、勤勉さ、効率、忍耐、抑制、自己管理が際立っています。,楽しみや娯楽、家事、料理、商取引やリスク関連のビジネスに適した良い日です。行方不明の人、物、動物の捜索も成功するでしょう。この日のエネルギーは、私たちに活動的であり、時には非常に勇敢であるよう促します。勇気を奮い起こし、以前は考えることすら恐れていたことをついに実行することができます。これはすべての意味での記録と偉業の時です！,重要な条件：小さなことでも正直で公正である必要があります。,"21番目の月の日は創造的な潜在能力に満ちており、日中にそれが適切な方法で表現されない場合、必ず夢の中で現れます。あなたの主な活動が才能に関連しているかどうかは関係ありませんが、この日の夢はあなたの創造性を示します。

夢が明るく軽やかであれば、あなたは人生で完全に自己実現することを意味します。正しい方向を選んだ場合です。目覚めた後に重い感情が残る場合、おそらくあなたは人生で創造的な潜在能力を実現できなかったのでしょう。もしかしたら、あなたが愛することをついにやって、今いる泥沼から抜け出すべきかもしれません？

この日に馬蹄や馬の夢を見た場合、これは良い兆候であり、良い出来事を約束します。","この日はあらゆる種類の変化に絶対にポジティブです。したがって、爪をアップグレードすることを決めた場合、完璧な時期です。選んだデザインは、爪の健康を改善し、もちろん素晴らしい気分を促進し、たくさんの称賛を集めるでしょう。

爪の長さや形を変える準備ができていない場合は、素敵なポリッシュを選んでください。

明るいオプションを自由に選んでください。今日はあなたのイメージに利益をもたらします。今日は実験の日です。何をしても似合います。爪を増やすことを恐れないでください。今日のジェルの化学物質は、爪の質に悪影響を与えません。さらに、増やした爪は長持ちします。

アドバイス：今日ネイルサロンを訪れることで、明るいディテールで外見を補完するだけでなく、幸運を引き寄せることができます。この日はカルマの絆を強化するのに適しています。健康に時間を割くことで、気分が改善され、幸福を引き寄せ、富が増します。

この日のポジティブな影響：

この日に行ったトリミングマニキュアは、爪を強化し、成長を加速します；新しいデザインは他人の注目を引き、たくさんの称賛を集めます；
爪に関するあらゆる操作は幸運を引き寄せ、財政状況の改善のきっかけとなります。",21番目の月の日には、ニンジン、ビート、ザクロ、クランベリーを食事に含めるようにしてください。実際には何でも食べられますが、肝臓に負担をかけず、甘い食べ物を過剰に摂取せず、アルコールも控えめにしてください。,21番目の月の日は、移動に関連するすべてのものを取得するのに適しています。たとえば、馬、車、自転車です。また、キャンプ用品（バックパック、懐中電灯、寝袋など）を購入するのにも良い日です。この日の最も重要なことは、直感に耳を傾けることです。製品に問題がなくても、何かが待った方が良いと感じたら、購入を避けてください。この日は直感がほとんど裏切りません。,"21番目の月の日は以下に適しています：
有用な元素が豊富な根菜の収穫、薬用植物の収穫。木の剪定、接ぎ木、追肥、特に根の施肥。

21番目の月の日には推奨されません：
摘心や移植。豊富な水やり"
22,"この日は知識と知恵を得ること、知識の保持、精神的能力を示すことに好都合です。この日は探求や発見に適しています。自分自身について新しい何かを見つけることができます。この日に新しいアイデアや予期しない解決策を思いつくことができます。この日は特に重要な始まりには好都合ではありません。

あらゆる方向からのニュースを聞く準備をし、すべてを鵜呑みにせず、あなたとあなたの生活に関連する情報だけを選び取るよう努めてください。状況をナビゲートし、正しい道を示すサインを聞き取ってください。

この日は直感が特に敏感です。自分の声に耳を傾け、他の人と考えを共有してください。22日目は知識の共有を促進します。謙虚で寛大でいてください。",今日の人間の精神的および創造的な再生能力は特に高いです。新しい機会が突然現れるかもしれません。それを利用することで、過去の経験を再考し、未来の計画を立てることができるでしょう。,簡単な用事に忙しくして、真剣なことに関与したり、重大な決定を下したりするのは避けてください。この日は取引には好都合ではありません。知識を共有し、知識を蓄積し、寛大でいるのに良い日です。新しいスキルを学んでください。複数のビジネスコンタクトは避けてください。,特に股関節、仙骨、下部脊椎に注意を払う必要があります。急な動きを避けることをお勧めします。病気の人にとっては、この日は非常に危険です。今日は豪華な食事をすることをお勧めしますが、適度に。,"22日の月齢での髪のカットは体重増加に関連しています。一方で、髪を切ることで財政状況が改善されます。

アドバイス。この日に髪を切ることは成功し、髪にポジティブなエネルギーを与えます。しかし、実験はしないでください。見た目に満足するだけでなく、健康も改善されます。

この期間はヘアエクステンションに好都合で、単色のパレットがこの日に最適な選択です。結果は期待を超えるでしょう。美容院への訪問は、家庭や仕事の問題を解決し、良い気分を取り戻す一連の素敵な出来事を引き起こします。

自然な色の自然染料でのヘアカラーは、財政状況を改善します。

髪型はシンプルであまり挑発的でないようにしましょう。今日は髪を一日に三回とかすことをお勧めします。",コミュニケーションや交渉に良い日です。今日の人々は嘘や偽りから解放されています。逆に、彼らは自分の考えを共有し、無私にあなたを助ける意欲があります。相手の論理に注意を払えば、会話を望む結果に導くことができます。,結婚に好都合な日です。歌手、アーティスト、作家、または中程度または低所得の人々、誰もが今日正しい選択をします。この日の祝祭のテーブルをよく見てください。ゲストは非標準的な解決策に驚くべきですので、エキゾチックな料理を選んでください。家族生活が甘くなるように、甘いお菓子をテーブルに豊富に用意することを忘れないでください！,22日の月齢に生まれた人は、才能があり、正直で、老後まで活発に生きる可能性が高いです。,この日は歴史的な探求、先祖の研究、アーカイブ作業に好都合です。,得た知識は善のためにのみ使用されるべきであり、そうでなければあなたに逆らうことになります。,"この日に見る夢は問題解決に関する新しい知識をもたらすので、真剣に受け止めることをお勧めします。

22日の月齢の豊かな情報内容と高まった直感は、この日の夢を夢の本質を捉えることができる人にとって真の啓示にします。秘密のサインを見ることができれば、自分の人生を変えることができます。

この日に夢を解釈する際は、自分の人生の全体像を再構築するようにしてください。最近の出来事を思い出し、日中に送られたサインを考慮し、それらをすべて夢と組み合わせてください。これが、あなたの人生で本当に何が起こっているのか、何に注意を払うべきか、どこに進むべきかを理解する唯一の方法です。この日に、すべての情報チャネルを最大限に活用してください。

一般的に、この日は心と体をリラックスさせ、残りの日のためにポジティブなエネルギーを養うことを許可します。","22日の月齢は曖昧さと矛盾に満ちています。今日、あなたの生活を改善する知識が川のように流れ込むので、それを掴んで正しく使うことがあなたの仕事です。サロンへの訪問は物質的な富の成長に寄与しますが、サイドに余分な愛のハンドルを加えるかもしれません。

今日は実験するのに素晴らしい日です。新しいマニキュアはあなたの外見と健康に利益をもたらします。基準を忘れ、自分の心理状態に合ったマニキュアを選んでください。この自己との統一に向けた一歩が、あなたの近しい人々の好意を得るのにどれほど役立つかに驚くでしょう。今日はグルーミングや治療手順に最適な日です。自然なオイルを使用した手順に注意を払い、それが爪の自然な美しさと輝きを強調し、構造を乱さないのに役立ちます。

アドバイス。この日にサロンを訪れることは、あなたの財政的な幸福にも良い影響を与えます。すべての財務取引で運が良く、確実に気分を高めるでしょう。

この日のポジティブな影響：

実験に最適な期間で、コーティングはその耐久性と美しさで驚かせます。自然な強化化合物を使用してください。爪に関するあらゆる操作は幸運をもたらします。

この日のネガティブな影響：

サロンへの訪問は体重の増加につながる可能性があります。",これは月のサイクルの中で唯一、甘いものを自分にご褒美として与えることができ、場合によっては与えるべき日です。また、野菜サラダ、煮込み料理、キャセロールを含めてください。牛乳や全粒粉の食事を加えるのも良いです。今日は食べ過ぎを恐れないでください。この月齢では、あなたの胃は本当に底なしです。好きなだけ食べて大丈夫です。しかし、満腹感の限界に達したと感じたら、それを超えないようにし、無理に食べ物を押し込まないで、合理的でいてください :),"22日の月齢はすべての種類の購入に好都合な期間です。特に今日はお菓子やアルコール飲料を買うのに良い日です。
健康製品や医薬品も購入できます。また、祝いやパーティーに関連する商品、例えば風船、音楽ディスク、花火、ガーランドなどを購入するのにも適した日です。さらに、今は精神性や神秘主義に関連するものを購入するのにも好都合な期間です。","22日の月齢は以下に適しています：
根菜、ジャガイモ、球根野菜、豆類の播種と植え付け。苗の間引き。水やり、ただし豊富ではなく。雑草取り、害虫駆除、有機根の施肥。イチゴのランナーの剪定。保存または長期輸送用の花の切り取り、保存用の花の球根や塊茎の掘り出し。ジャム作り、缶詰、乾燥。庭の掃除。若い芽の成長を抑えるための植物の剪定。

22日の月齢で推奨されないこと：
ピンチや植え替え"
23,"この日のエネルギーと遅い時間は暗く、濃厚で、強力です。このエネルギーは、あなたを攻撃的に振る舞わせるかもしれません。愚かな非合理的なアイデアやリスクのある取り組みに引き込まれるかもしれません。これは誘惑の日です。攻撃性、恐れ、怠惰を抑えるよう最善を尽くしてください。

23番目の月のエネルギーは、すべての生活の領域に現れます。これを抑えたり、有用なことに向けたりしなければ、怒りや破壊につながります。昼の半ばまでにこのエネルギーをうまく扱えなければ、疲れ果て、荒廃した気持ちになるでしょう。注意を払い、慎重に行動してください。

個人的な事柄では静かで謙虚でいてください。自分を役立て、自己改善に時間を捧げてください。しかし、23番目の月のエネルギーの余剰は、あなたの仕事やビジネスに利益をもたらすことができます。自己主張をし、目標に集中し、自分の信念や原則を守ってください。これが、この困難な日に何かを達成する唯一の方法です。自己主張と傲慢のバランスを保つよう注意してください。誰かを怒らせたり、対立を引き起こしたりしてはいけません。そうでなければ、自己破壊につながります。

この日の二重性は、あなたの身体的状態に現れます。月のサイクルが減少しているため、あなたは無気力で無関心に感じるでしょう。怠惰があなたを覆いかぶさります。しかし、自己改善や未来の道、過去の過ちを修正することを考えることで、それに立ち向かうことができます。それがあなたの気分を良くする助けになります。",この日に周囲の人々を取り巻く動揺に屈しないでください。どんな状況でも、平静を保ってください。群衆から離れ、誰かと口論する誘惑を避けるようにしてください。,お金に関しては物議を醸す日です。日常の雑用に従事し、重大な決定を避けてください。仕事やビジネスには不利な日です。どんな取り組みも避けてください。交渉はおそらく失望するでしょう。交渉は数日後に延期してください。これは試練の日です。義務は忠誠心をチェックされ、アイデアは再考されます。古い取引を終わらせるのに良い日です。,この日はあらゆる種類の性的健康の問題が悪化するため、セックスは避けてください。それは破壊的です。さらに、免疫力と病気への抵抗力が低下します。今日は背骨を優先してください：強化と治癒の手続きをお勧めします。爪を切ったり、外科手術を受けたりすることは望ましくありません。今日は肉製品を避け、乳製品の食事を選んでください - 牛乳を多く飲み、カッテージチーズや他の乳製品を食べてください。,"23番目の月の日です。髪のカットは別の日に延期することをお勧めします。美容師があなたの活力を「切る」可能性があります。

アドバイス。今日は髪型があなたが望むよりもずっと短くなる可能性があり、それがあなたを落胆させるでしょう。残念ながら、あなたの新しい外見を気に入らないのはあなた一人ではありません。同僚や友人も否定的なフィードバックを与える可能性があり、それがあなたの気分を台無しにしたり、関係にひびを入れたりするかもしれません。

髪型を更新するには、新しいスタイリングをするだけで済みます。興味深くてユニークなものを見つけるチャンスがあります。感情的で困難な日を経て、少しの時間を美容処理に捧げることが最も有益です。それが夕方を明るくします。

髪を染めることに決めた場合は、友人や近しい人を連れて行くことをお勧めします。自然な染料での染色が推奨されます。友人がそばにいることで、喜びと楽観的な気分を引き寄せます。

髪を巻くことで幸せが近づき、それを長く保つことができます。この日、あなたはこれまで以上に新鮮で自然に見えるでしょう。",これは内面的なストレスの日です。仕事や個人的な関係において、嫉妬、恨み、失望を避けてください。誰かに自分の考えを共有することに決めた場合、誤解される可能性があることを認識してください。したがって、暗示や言わなかった思考を避ける方が良いです。この日は平静を失い、どんな会話も簡単に口論に発展します。できるだけ少なくコミュニケーションをとってください。,"23番目の月の日は結婚には不利です。この日に結婚すると、日常的なスキャンダルや小競り合いを経験することになります。

この日に結婚することを決めた場合、祝賀はトラブルで終わり、愛する人との口論があるかもしれません。",23番目の月の日に生まれた人は、粘り強さとビジネスセンスを持っています。彼らは人生の道を突き進み、すべてにおいて成熟と完全さを示します。このような人々が善行に焦点を当てると、その成果は素晴らしいものになる可能性があります。,家庭の雑事や旅行には中立的な日であり、家の保護、改善、掃除活動には好都合です。断食と禁欲の期間、注意、力を蓄え、治癒能力を得ることが重要です。,この日、何があっても冷静さを保ち、落ち着きを示してください。混雑したイベントや未知の場所、新しい会社を避けるようにしてください。挑発に屈せず、危険を冒さないようにしてください。特に無実の人を有罪にしようとする試験には最適な日ではありません。,"23番目の月の日のすべてのネガティブなものは、あなたの夢に忍び込もうとします。そのため、この日の夢は非常に混沌としていて、理解しがたく、しかし最も重要なのは痛みを伴い、不快です。それにもかかわらず、正しく解釈されれば、自分自身を理解するのに役立つ多くの有用な情報を含んでいます。この日の夢の複雑さのため、解釈は専門家に委ねる方が良いです。

彼らは、あなたの中で熟成した内部の対立が何であるか、最小限の損失でこの意識の変容をどのように乗り越えるか、どの道を選ぶべきかを理解する手助けをしてくれます。正しい解釈を行うことで、長い間悩まされてきたゴルディウスの結び目を切ることができます。このようにしてのみ、前進することができます。

23番目の月の日の複雑さ、二重性、矛盾にもかかわらず、強い個性はこのエネルギーの余剰を自分の利益に変えることができるでしょう。","この日は複雑な問題を解決したり、人生に大きな変化をもたらしたりするのには好ましくありません。物事がうまくいかない可能性が高いです！この日にトリミングマニキュアを予定している場合は、予約を延期することをお勧めします。今日爪を切ることで、爪が弱くなり、気分を台無しにする可能性があります。あなたのイメージに対する否定的なコメントは、口論や対立を引き起こし、あなたの日を燃やすことになるかもしれません。

しかし、この日はコーティングの色など、いくつかの実験には良い日です。今日は美容院を訪れれば、結果に満足する可能性が高いです。爪を短くすることは避けてください。それはあなたの精神的な力を減少させ、健康を損なう可能性があります。

この日のポジティブな影響：

今日は通常のネイルカラーを変えてみることができます。爪のケアのための処置は良い効果があります。

この日のネガティブな影響：

トリミングマニキュアは後日延期してください。今日はあなたの体に害を及ぼします。",23番目の月の日には、すべての発酵乳製品が有益です。肉製品は避けてください。肉は攻撃性を高めるからです。また、コーヒーやアルコール飲料も控えた方が良いです。少量のアルコールでも、今日は異常に興奮させる可能性があります。この期間中の過食は、消化器系の重篤な病気につながります。,23番目の日は買い物には好ましくありません。この日は誘惑の試練を通じてあなたの成熟を試すことができます。しかし、自分の使用のために下着や化粧品などを購入することはあるかもしれません。,"23番目の月の日は以下に適しています：
木の剪定、接ぎ木、再接ぎ木。地面にある果物の植え付けと収穫：人参、ビート、ジャガイモ、ラディッシュ、カブなど。イチゴのランナーの剪定。花の球根を掘り起こす。苗の間引き、雑草取り、作物の害虫防除、土壌の肥料。

23番目の月の日には推奨されません：
大量の水やり。"
24,"これは非常に責任感のある日で、創造的な努力に好都合です。この日は新しいプロジェクトを始めるのに良いアイデアです。古代エジプトでは、ピラミッドの基礎を築くのに好都合な日として認識されていました。グローバルな長期プロジェクトの実施を始めるのに良い日です。しかし、覚醒した力を乱用する必要はありません - それは悪に変わる可能性があります。

24日の月はエネルギーが豊富で、主に肉体的なエネルギーです。この日は男性の力、親密な楽しみ、アクティブなスポーツ活動を好みます。自然の要素の日です。",この日は人々は一般的に親切で、お互いに忍耐を持って接します。彼らは親切や優しさを示さないかもしれませんが、無礼や他人を傷つけることを目的としているわけではありません。,この日はビジネスにとって強力でポジティブなエネルギーを持っているので、前進しましょう！現在の事務を話し合い、アクティブに活動してください。ただし、交渉は延期することをお勧めします。この日は創造性や芸術、コンサートやプレゼンテーション、展示会、上映、パフォーマンスに好都合です。お金に関する事務にとっても良い日です。今日、活動のためのエネルギーを目覚めさせ、目標に向かって進みましょう。弱い人はもっと寝てリラックスするべきです。,病気は危険ではありません。この日は健康と精神的な幸福を強化するのに好都合です。,"24日の月の日には、美容院の予約をキャンセルする方が良いでしょう。髪のカットの結果に不満を感じることになります。この日に髪を短くすると、全身の健康に悪影響を及ぼします。パーマや染髪は髪を鈍く無生気にする可能性があるため、今日の最も安全な選択は、ただ髪を緩く下ろすか、シンプルな編み込みやポニーテールにすることです。

アドバイス。エクステンションを使ってイメージをリフレッシュすることができます。髪を過度に長くすることは避けてください。

栄養のあるヘアマスクを推奨します。または、イラクサの浸出液で洗うことも良いでしょう。髪は触った感じが厚く、健康的で光沢があります。

髪の色付け。自然な染料で暗い色に染めると、上司や同僚に良い印象を与えるのに役立ちます。

髪を大きな波にスタイリングして自然のエネルギーを引き寄せましょう。",今日は相手を押し付けるのは避けましょう。無礼なジョークや皮肉は控えてください。,"いくつかの情報源によると、この日は結婚に良い日とされていますが、他の情報源ではそうではないとされています。しかし、結婚の親密さやタントリックな実践には確実に好都合です。

1年以上一緒にいて、いくつかの試練を共に乗り越えた場合、この日に安全に結婚することができます。関係が長ければ長いほど、家族生活は強くなります。

この瞬間は、多くの子供を持ちたいと夢見る若い夫婦だけでなく、40代のカップルにも最適です。どちらも長い間結婚生活を送り、配偶者に無限の愛とケアを与えるでしょう。",24日の月に生まれた人々は、さまざまな分野で才能を持つ非常に強い人々です。彼らは大きな力を持ち、重要なイベントのために慎重に準備し、活動において止められません。強い生存能力を持っています。時には奇妙に見えることがありますが、それは自己分析的な性質から来ています。これらの人々はカリスマ的で、大きな聴衆にアピールすることができます。,可能であれば、特にエネルギーがゼロの場合は、今日はどんな騒ぎも避けてください。エネルギーがあり強い個人であれば、好きなように行動してください。自分が強いのか弱いのかは自分が一番よく知っています。,この日は怠惰や旅行には好都合ではありません。,"24日の月は、あなたの創造性を最大限に発揮し、自分自身の世界観を表現するなら特に成功します。しかし、どのようにしてこのインスピレーションのメモをキャッチするのでしょうか？どこで力を得るのでしょうか？ここで夢があなたを助けてくれます - この特別な日の啓示です。

それらの中に特定のサインやシンボルを探さないでください。それらを理解するには、自分の感情に耳を傾けるだけで十分です。もし、眠った後に素晴らしく心地よい感情が残るなら、あなたの人生に何も変える必要はありません：あなたの創造的な潜在能力は完全に実現されています。もし、眠った後に心に痛みを感じ、悲観的な考えにとらわれているなら、それについて考えてみてください。あなたの創造的なエネルギーは自由を求めているかもしれません。

この月の日には、夢はあなたの性的エネルギーの真の状態を反映します。","この日は深刻な問題を解決し、活発な活動に適しています。しかし、今日は爪に少し休息を与えた方が良いでしょう。爪のデザインを変更することは健康問題や深刻な病気を引き起こす恐れがあります。今日のトリムマニキュアは、爪の状態を悪化させる可能性があります。

アドバイス。爪の通常のデザインを変更しても期待した喜びは得られません。透明なマニキュアで爪を覆うことを検討するか、全くコーティングを施さないことをお勧めします。

修復手続きを行う時間を取り、これにより爪の健康を改善し、将来的な脆さの問題を避けることができます。今日のエネルギーは非常に強力です。衝動的な行動は避けてください。そうしないと、免疫システムに悪影響を及ぼす可能性があります。

この日のポジティブな影響：

この期間中、アンチエイジングの手続きを自分に施すことができます；

この日のネガティブな影響：

将来の影響を避けるために、爪の実験は避けてください。",この月の日の食事は多様で栄養価の高いものであるべきです。断食は厳禁です。乾燥したワインやぶどう、牛乳、乳製品を楽しんでください。,24日の月は、行動を起こし、夢を実現しようとする人々に好都合です。長い間何かのためにお金を貯めていたなら、今こそ使う時です。これは待ち望んでいた報酬であり、あなたの努力の結果です。この場合、購入したものは期待した喜びをもたらすでしょう。この期間中に衝動的に何かを買うことは非常に危険です。安い価格に妥協しないでください。欲張りは二度支払うことを忘れないでください。,"24日の月に推奨されること：
植物の植え付けと播種。木の剪定、接ぎ木、再接ぎ木。肥料と施肥。庭の改善と造園。

24日の月に推奨されないこと：
再植え替えと摘心"
25,"この日は静かに過ごすのに適しており、孤独または親しい人々と過ごすことが推奨されます。新しいことを始めるのはお勧めできず、すでに始めたことを完了することは好ましいと見なされます。騒がしい場所を避け、急がないようにしましょう。そうしないと、神経衰弱のリスクがあります。新しい知り合いは避けてください。

この日は休息と思索に適しています。月のエネルギーはかなり微妙です。人々はだるくなりがちです。抑うつを避け、集中力と注意力を高め、脳に良い時間を過ごしましょう。瞑想や屋外での運動が推奨され、できれば一人で行うのがベストです。

新しい始まりには良い日ではありません。注意深く、急がないようにしましょう。",この日は無関心で怠惰になりがちです。チームワークやコラボレーションには不向きな日です。,この日は財務取引や法的手続きに適しています。,この日に病気の人は迅速に助けを求めることが非常に重要です。愛する人々に特に注意を払ってください。この日は治療的断食に適しています。,"25日の月。美容師との予約は、満月から新月のサイクルに変更することをお勧めします。これにより、髪の美しさを保つことができます。友人や同僚はあなたのイメージの変化を評価しないかもしれず、これがあなたの気分やその日の雰囲気を台無しにする可能性があります。

アドバイス。この期間中、髪は外部の物質を受け入れる準備ができていません。美容処置の結果は予測不可能であったり、長続きしない可能性があります。

ラミネーション、ケラチンストレート、パーマは避けてください。エネルギーを節約し、新月に役立てましょう。トリコロジストに相談する時間を取りましょう。

今日は髪を染めないでください。周囲の人々との対立を引き起こさないためです。

今日は髪を整えず、何らかのヘッドドレスを着用してください。これにより、あなたの生活からネガティブなエネルギーが排除されます。",この日は孤独、想像力、思索に適しています。私的な事務を回避してください。,"この日は結婚には適していないと考えられています。この日を選ぶことで、あなたとパートナーは永遠の財政問題や、習慣による抑うつに苦しむ運命を背負うことになるかもしれません。

これにより、定期的な無気力な衝突や口論が生じ、最終的にはすべてが離婚に終わるでしょう。

この特定の日に結婚式を祝うことがあなたにとってそれほど重要なのか、それとも待ってより適した日を選ぶ価値があるのか考えてみてください。",25日の月に生まれた人は、運の恩恵を受けることはほとんどないでしょう。,観察、自己分析、思索の時が来ました。この日は孤独と反省に捧げるならば吉日です。今日の最善は、活動を避けることです。そうしないと、精神的なバランスを長期間崩す可能性があります。,この日の本質は、あなたの性格、人格、行動、世界観、信念、道徳について反省するように導くことです。この月の最も重要な課題は自己愛を教えることです。内なる調和を達成するために利用できる方法を使ってください。,"25日の月の夢は、直感、あなたの潜在意識、そして上からの啓示と切り離せません。それらの解釈は、あなたの精神的な自己改善に直接関係します。さらに、夢はすべて非常に明確です。それらのおかげで、選択した道の正しさを理解し、今後の行動を決定することができます：方向を変えるか、選んだ道を進むか。

今日、思索と精神的成長に焦点を当てれば、素晴らしい一日を過ごせるでしょう。","この日はネイルビューティー処置には適していません。今日行うトリムマニキュアは、ほぼ確実に病気を引き起こし、カルマ的な物質を消耗させる可能性があります。また、心理的・感情的な状態が悪化し、抑うつや不安を引き起こす可能性があります。

あなたの新しいイメージは周囲の人々に評価されません。

複雑なネイルカラーは推奨されません。ネイルスペシャリストは完璧に仕事をすることができず、結果に満足できず、時間とお金を無駄にしたことを後悔する可能性が高いです。同じ理由で、化学物質を使用する処置は避けるべきです。効果は得られません。

アドバイス。25日の月は、思考と反省に没頭するのに適しています。外見の積極的な変化は、全身の弱体化を引き起こす可能性があります。特に目の健康に注意してください。対立が起こる可能性があります。",25日の月には、粗い食べ物やメロン、キノコを避けるべきです。できるだけ多くの水を飲むことが推奨されますが、ジュースはできるだけ少なくしてください。水を多く飲むほど良いです。水は体が自然に毒素を排出するのを助け、不快な結果を避けます。牛乳も25日の月のメニューに少量含めるべきです。,25日の月は、海や水に関連する製品に適しています。さらに、心の平和を取り戻すのに役立つものを手に入れることができます。本、アロマオイル、映画のチケット、いくつかの小物などです。購入したアイテムが心を落ち着けるのに役立つことが重要です。この日はどんな騒ぎや急ぎも推奨されないため、すべてをゆっくりと集中して行うべきです。,"25日の月は以下に適しています：
根菜の植え付けや播種：玉ねぎ、ジャガイモ、ビート、豆類、人参、カブ、ラディッシュなど。花の球根や塊茎の保存のための掘り起こし。雑草取り、耕作、土の緩め。有機肥料。害虫や病気に対するスプレー。果物、ハーブ、薬用植物の根の乾燥。庭の改善。

25日の月には推奨されません：
大量の水やり。根を扱うこと、損傷は植物の死につながる可能性があります。摘心や収穫。"
26,"これは対立が起こりやすい、非常に重要で危険な日です。人々は無駄に騒ぎ、無駄にエネルギーを費やします。間違った人々や活動にエネルギーを浪費するのは避けましょう。

26日の月の昼間のエネルギーの浪費は膨大です。エネルギーの流れを巧みに管理する人でさえ、それをコントロールできないと感じるでしょう。したがって、今日の最も安全な選択は、じっとして周囲の世界を観察し、イニシアティブに参加したり、決定を下したりしないことです。この日は精神的な実践や自己改善に適しています。

この日、あなたの周りの人々が抑圧され、イライラし、鈍くなっていることに気づくでしょう。これが対立を引き起こす可能性があります。感情をコントロールするか、積極的なコミュニケーションを避けて挑発を防ぎましょう。",自己正当化と自己欺瞞がこの日の支配的な特性です。ネガティブに屈しないためには、忍耐力と意志力、起こることに冷静にユーモアを持って対処する能力が必要です。この日の最も難しいことは気分の変動です。感情は不安定です。約束や誓い、脅迫を信じないようにしましょう。感情を表現する際に極端に走らないでください。憂鬱、悲しみ、または過度の楽しみの表現を避けましょう。,日常業務を進めますが、重大な決定は避けましょう。深刻な結果をもたらす可能性のあることは避けてください。今日は周囲に注意を払いましょう：悪意のある人々があなたの対立者の中に現れるかもしれません。しかし、今日は弁護士にとって非常に適した日です。彼らはおそらく成功するでしょう。,病人は、すぐに助けがなければ危険にさらされるかもしれません。,"髪のカットは推奨されません。26日の月の昼間に髪型を変えても喜びをもたらすことはなく、むしろ健康や気分を損なうことになります。今日はもっとリラックスするようにしましょう。

他の手続きは許可されていますが、自然由来の製品を使用するべきです。効果は満足のいくもので、髪は十分な栄養素とビタミンを受け取ります。

今日はすべての手続きを専門家に任せるのが良いでしょう。月末には体が大きく弱まるため、すべての行動はエネルギーを保存または増加させることを目指すべきです。髪のカットや複雑な髪型は病気や抑うつを引き寄せます。

自然な色合いの天然染料での染色は、コミュニケーション能力を助けます。

ヘアスタイル。髪は自然エネルギーを引き寄せるために、最もよくとかし、ふわっとさせるのが良いです。",過度のコミュニケーションを避けましょう。信頼できる人々とだけコミュニケーションをとりましょう。,"結婚には不利な日です。この日に結婚を計画している若者は、より適切な時期を選ぶべきです。特にこれが初婚である場合、家族生活に入ることは大きな責任と恐れを伴い、初婚が失敗すると、長年にわたって魂に負の印を残す可能性があります。

年配の世代の代表者にとっては、結婚は成功するでしょう。40代の人々は、この重要なステップを踏み出すことができます。

ただし、全世界のために祝宴を開くべきではありません。最も親しい人々との静かな祝賀を選びましょう。",26日の月の昼間に生まれた人々がプライドを克服できれば、繁栄を享受できるでしょう。,前の月の数日間にうまく働いた場合、小さなボーナスを期待してください。友人のアドバイスを聞き、彼らの提案を拒否しないでください。買い物には行かない方が良いです。お金を節約する方が良いでしょう - 浪費や失う危険があります。,運転手である場合、今日は特に道路に注意し、車を大切にし、無人にしないでください。患者は緊急の助けを必要とするかもしれません - すぐに提供してください。今日は旅行者にとって不利な日です。人間関係の対立に加えて、盗難や強盗の可能性が特に高いです。,"日中、すべての情報は歪んだ形であなたに現れるため、あなたが下す結論のほとんどは誤りです。一方、夢はあなたの潜在意識によって明確にされ、物事をありのままに示します。解釈や解読は必要ありません：あなたが見るものは、あなたの人生で起こっていることの直接的な指標です。

今日の夢は、あなたのプライドと自己愛がどれほど大きいかを示しています。成功し満足している自分を見るなら、天から地に降りて、自分を冷静に評価する時です。惨めな自分を見るなら、自己評価を改善し、自分を愛し尊重することを学ぶ必要があります。

26日の月の昼間の夢で自己中心的、貪欲、怒り、虚栄心、キャリア主義を示すなら - どんなに不快でも、これはあなたが現実の生活であるということです。夢の中で自分に対して過度に批判的であったなら、自己評価に対して客観的であるかどうか自問するべきです。そうでなければ、あなたの真の潜在能力を引き出すことを妨げるかもしれません。

この日は多くの人が自分の強みを正しく評価し、自分が何ができるかを理解するのに役立ちます。大切なのは、冷静であり、何にも干渉しないことです。","この日は異常であいまいであり、重大な変化を避けるべきです。今日のどんな努力もあなたを疲れさせるだけで、意図した結果を生まないでしょう。トリムマニキュアを避け、根本的に新しいアイデアを追求しないでください。そのような介入は、爪の健康を悪化させる可能性が高いです。

外見に関する実験は避けるべきで、イメージを変えるには本当に最適な日ではありません。そのような行動は、あなたの健康に悪影響を及ぼし、心身の防御力を低下させる可能性があります。ただし、さまざまな化学成分を使用する手続きは禁じられていません。天然オイルや有機成分が今日の最良の結果をもたらします。オイルは爪を保護し、望ましい外観を与え、構造を改善します。

アドバイス。今日はあなたの体が可能な限り弱まっているので、変化を目指す手続きを行わないでください。異常な解決策は病気を引き起こし、全体的な気分を悪化させ、手に負えない問題を引き起こす可能性があります。

この日のポジティブな影響：

今日は天然成分の使用が爪に良い影響を与えます；
強化手続きが推奨されます。

この日のネガティブな影響：

今日はトリムマニキュアは推奨されません。大胆な実験に頼らないでください。この日はあなたを驚かせることはなく、結果は失望させるでしょう。",26日の月の昼間には、肉、魚、卵、海産物、キノコは厳しく禁止されています。この日は料理がシンプルであるほど良いです。断食を実践している場合、この日に浄化を考慮することもできます。,26日は買い物には適していません。一方、物を修理店に送るには良い日です。この日は家の中の古くて無用なものを取り除くのに適しています。,"26日の月の昼間には以下が推奨されます：
木や低木の剪定、接ぎ木、再接ぎ木。害虫や病気の管理。葉や枝の掃除。庭の改善。

26日の月の昼間には推奨されません：
大量の水やり。"
27,"この日は直感と強く結びついており、さまざまな秘密の知識を得ることができます。多くの予期しない発見があります。今日は洞察やひらめきが可能です - 予想外に。長い間悩まされてきた困難な状況からの脱出の手段となるかもしれません。家庭の問題で心配したり、慌てたりするのは避けましょう。また、幻想を取り除き、自分の行動に対する責任を自覚する日でもあります。

27日目はそのものとしてはポジティブですが、エネルギーの不足が特徴です。最も重要な事柄にのみ注意を集中し、不要なものは一掃しましょう。内なるバランスと調和を達成するのに役立つあらゆる種類の精神的な実践が推奨されます。リラックスするのが良いでしょう：今日の力の行使はあなたに利益をもたらしません。

暗号化された情報の流れに備え、あなたの直感が導いてくれることを願いましょう。サインを見て、それを正しく解釈することを学びましょう。27日目の啓示は、将来あなたに役立つかもしれません。内部のリソースを活用し、内なる声に耳を傾けてください。この日は正しい決断を下すことを助けてくれます。",感情が不安定で、親しい人や知人との対立を引き起こす可能性があります。,全体としては良い日です。しかし、新しいビジネスを始めるのは避け、現在のビジネスから最大限の利益を引き出しましょう。午後は取引を締結したり、新しい書類に署名したりするのは避けてください。科学的実験、研究、探検には最適な時期です。お金の扱いは可能ですが、最善の行動は借金を返済することです。,この日は入浴やシャワーなどの水治療に適しています。,"27日目に髪を切ることは、理髪店に行く予定がある場合に限り、幸運と美しさをもたらします。髪型は長持ちし、髪の健康も改善されます。

アドバイス。エクステンションやウェルネス治療は有益ですが、慣れ親しんだ確実な方法に従うべきです。

髪の自然な長さと太さは、スタイルに自然な見た目を与え、生活に調和をもたらします。もし新しいものを求めるなら、新しいメイクやスタイリングを試みてください。時間を無駄にしないでください：今日やるべきことはまだたくさんあります。

自然なトーンでの急激なヘアカラーは、富と健康のエネルギーを引き寄せます。

美しくユニークなヘアスタイルは、生命力を引き寄せます。この日は活動的でイニシアティブを取るのに適しています。",良いニュースが届くかもしれません！,"この日は結婚に適しているとされていますが、結婚式は悲しい結果になるかもしれません。この日はメランコリー、ノスタルジア、感傷的な雰囲気が特徴です。

27日目は水の要素に直接依存しています。お祝いには海や海洋の要素を取り入れてください。

この日は突然の行動は避けるべきです。できるだけ穏やかで静かな時間を過ごしてください。控えめな式典が最良の解決策となります。これらの推奨事項を取り入れれば、すべてがうまくいくでしょう。",27日目に生まれた人々は、変化を経験することが多いです。彼らの地球での使命は、探求と研究を行い、知識と精神的な経験を人々に伝え、弟子を持ち、人生の道を切り開き、他の人にその道を示すことです。このような人々は試練によって鍛えられます。,素晴らしい一日を過ごすためには、軽やかで楽しい心の状態を保つべきです。気分の変動や激しい感情を避けるようにしましょう。この日は家族や友人と近くにいるのに最適で、花を植えたり、庭で作業したり、予期しない側面から世界を探求したりするのに適しています。この日は水と密接に関連しているため、すべての海の旅は成功するでしょう。,鏡を見るのは避けてください。,"今日は夢が予言的で、しばしば実現します。夢は、出来事や周囲の人々の真の性質を示してくれることが多いです。

27日目の夢は、あなたの直感的な能力が鋭くなっていることに影響されます。したがって、今日は上からの情報にオープンであり、それは夢の中であなたに降りてくるでしょう。しばしば、これらはあなたが期待しない衝撃的な啓示です。

多くの幻想が崩れ、解釈が疑わしい場合があります：夢はあまりにも象徴的で暗号化されているため、あなたの質問に対する直接的な答えを期待しないでください。何を意味するのか、どのように正しく解釈するのかを真剣に考えなければならないでしょう。時には、夢が完全にポジティブに見えることもありますが、専門的な解釈によって、その夢が可能性のある災害からあなたを警告していることがわかります。","この日はサロンに行くのに適していますが、この欲求が突発的なものでないことを確認してください。

新しいマニキュアは外見を改善し、注目を集め、気分を明るくします。

アドバイス。今日は爪の形を変える気分でない場合は、お気に入りの色のネイルポリッシュを塗ることを検討してください。爪のエクステンションにも適した時期です。爪は構造が変わりやすく、エクステンションは通常よりも長持ちします。

この日のポジティブな影響：

サロンへの訪問は気分を改善し、生活のすべての面にポジティブな影響を与えます。爪に関することは何でも驚くべき結果をもたらし、あなたを元気づけ、他の人の注目を引きます。エクステンションを決めた場合、それは耐久性があり、周囲の人々から多くの褒め言葉をもたらすでしょう。スタイリストとの相談も考慮してみてください。",27日目には、肉は儀式的な料理として準備された場合にのみ食べることができます。質の良い赤ワインを一杯楽しむことができます。今日の食事の大部分は、スパイスや調味料が豊富な食べ物であるべきです。ターメリック、カルダモン、クローブ、ペッパーがちょうど良いです。夕食には軽いスープを作ることを考えてみてください:),27日目は、さまざまな小さくて安価な商品を購入するのに適しています。これには懐中電灯、バッテリー、家庭用品が含まれます。,"27日目には以下のことができます：
食用の地下部分を持つ植物の播種と植え付け。剪定、接ぎ木、再接ぎ木。病気や害虫から植物を除草し、スプレーする。

27日目には推奨されないこと：
摘み取りと再植え。庭の道具を使った作業。"
28,"最近経験した困難でエネルギーを消耗する日々の後、28番目の月の日はついにあなたに力を与え、ポジティブなエネルギーで満たしてくれます。今日は、どんな活動やイニシアティブもポジティブな結果をもたらすため、急いで行動し、決断を下してください。

今日は、あらゆる活動やイニシアティブに好意的な、活発でエネルギッシュな日です。この機会を逃さず、動き、行動し、高い精神でこの日を過ごしましょう。長い間の活力を得てください！この好機の間に、仕事、家庭、庭、個人的な関係など、生活のあらゆる分野に関連するビジネスを始めることができます。この日はほとんどすべての事柄に好意的です。",月の初めの部分では特に注意が必要です。過労や過度のストレスは避けるべきです。日中の後半は神経的ではなくなります。午後にはあなたの行動がより冷静で論理的になります。,好機が訪れるまで、急いで決断を下したり、重大な結果を伴う決断を避けてください。仕事やビジネスには非常に良い日です。この日は財務問題の解決や土地、不動産の購入に適しています。,幸運なことに、もし病気があれば、それは無害で短期間のものです。ジュース断食が推奨されます。視力を大切にすることが非常に重要です：就寝前の読書やテレビ視聴を制限してください。明るい光を見ることは推奨されません。眠れない場合は、薄暗い光を見ることを試みてください。頭、脳、血圧に注意を払うべきです。,"28番目の月の日に髪を切ることは推奨されません。今日、髪や爪を切ることは、人生で重要な何かを失うことにつながるとされています。この月の日に髪を切ると、寿命が短くなると言われています。髪のエクステンションは逆にポジティブな効果をもたらすことがあります。

髪の染色は推奨されません。自然な染料でのハイライトやトーニングは、社会的地位を強化するために推奨されます。

シンプルなヘアスタイルは、自然のエネルギーと調和するのに役立ちます。",この日には、家族や友人のアドバイスに耳を傾ける必要があります。他者を助けた場合、今日はその助けに対する報酬を受け取ることができます。今日は、私たちは正確に自分が受けるべきものを得ます。,"今日は結婚するには最良の日ではないとされています。ロンドンのセント・ポール大聖堂で、イギリス王位継承者チャールズ・ウェールズ王子とダイアナ・スペンサーの結婚式が行われたのは、28番目の月のことでした。

若くて経験が少ない場合は、結婚式を別の日に延期する価値があります。

この日は、あなたを年長世代に依存させるでしょう。親の絶え間ない干渉は、すぐにあなたを苛立たせるかもしれません。あなたはすでに大人であり、自分で決定を下すことができます。結婚式のために別の日を選んでください。

すでに長い道のりを歩んできたカップルだけが幸運を得ることができます。そのような結びつきは未来に素晴らしい展望を持ち、繁栄と信頼の基準となることができます。",28番目の月の日に生まれた人々は、真実の核心に迫り、すべての根本的な原因を見つけたいと思っています。,28番目の月の日は、穏やかで軽やかな日です。今月ずっとバランスの取れた生活を送っていれば、この日があなたに知恵を授けるかもしれません。,この日には、高い精神を保ち、自分の内面を見つめ、感情をコントロールするよう努める必要があります。この日は植物と密接に関連しているため、庭仕事や木を植える活動に好意的です。良い思いを持って行うべきです。木を切ったり、花を摘んだりすることは避けてください。今日は、奇妙で神秘的で説明のつかない出来事を目撃することさえあるかもしれません。,"この日の夢は予言的です：あなたは未来を見ることができます。28番目の月のエネルギーと啓示のおかげで、夢は多くの重要な情報を持ち、正しく解釈すればあなたに利益をもたらします。この情報は、あなたの人生で一度起こった個々の出来事に関するものではなく、あなたの感情的な経験に関連しています。

イメージを正しく解釈することで、あなたはついに感情的な領域の弱点を理解し、それを強化するために何をすべきかを知ることができます。28番目の月の夢は、あなたに平和と良い気分を見つける手助けをします。正しい行動をとれば、これらを長く保つことができ、あなたの未来の生活全体に最もポジティブな影響を与えるでしょう。夢を解釈するための知識が不足していると感じたら、専門家に相談してください。

この日のポジティブなエネルギーを利用して、終わりに近づいている月のサイクルをできるだけ快適に完了させてください。","月のサイクルの28日目は、のんびりするのに最適です。新しいビジネスを始めたり、何かを変更したりしないでください。調和とリラクゼーションを楽しんでください。この日はトリミングマニキュアには好意的ではなく、寿命を大幅に短くする可能性があるとされています。実用的な観点から見ても、今日行ったトリミングマニキュアは、将来的に爪の剥がれや脆さを引き起こすでしょう。

アドバイス：コーティングやカラーリングの実験は避けてください。結果は期待に応えないでしょうが、あなたの気分や爪の健康が悪化します。

修復処置は推奨されますが、爪をファイリングしたり切ったりすることは避けてください。そのような行動は寿命を短くし、生命エネルギーを減少させる可能性があります。

この日のポジティブな影響：

この日は爪のカラーリングに最適で、強化処置がうまくいくでしょう。

この日のネガティブな影響：

今日はトリミングマニキュアを行うことは厳禁です。これにより寿命が短くなる可能性があります。",今日はほとんどすべてを食べることができますが、適度に。食べ過ぎないでください。この時期は、できるだけ多くの野菜や果物、ナッツ、ハーブ（セロリ、パースニップ、バジル、パセリ、ディル、レタスなど）を摂取する必要があります。,28番目の月の日は、あらゆる種類の購入に最適な日です。すべての大きな購入はコストパフォーマンスが素晴らしく、小さなものは長持ちし、多くの喜びをもたらします。大切なのは、良い気分を持ち、ショッピング中に心の平和を保つことです。また、クレジットで商品を購入することは避けてください。,"28番目の月の日に推奨されること：
播種と植え付け。植物の肥料。土壌の fertilizing。

28番目の月のに推奨されないこと：
木の伐採、根こそぎ。花や植物を摘むこと。豊富な水やり。掘ること。"
29,"この日は最も危険で困難な日々の一つです。ヘカテの時期がやってきて、黒い月のない夜 - 新月が近づいており、空には月が見えません。

29日の月は、全体の月のサイクルの臨界点に非常に近いため、エネルギーが非常に充満しています。さらに、この月のエネルギーはかなり重く不安定であるため、それに対処することが非常に重要です。

あなたは自分の人格の暗い側面や、魂の光の部分が浮かび上がるのを感じるでしょう。今日は感情や心配を管理するのが非常に難しいので、喧嘩や対立、癇癪に備えてください。人々はしばしば状況を正しく評価できません。欺瞞と幻想の日です。

午前中は、エネルギーがまだ全力で現れていないため、黒い思考や感情の高まりに対処しやすくなります。警戒を怠らなければ、午後にはポジティブな特性とネガティブな特性のバランスを保つことができるでしょう。警戒を怠らず、感情、言葉、そして行動をしっかりとコントロールしてください！

周囲のすべてに注意を払い、挑発や疑わしい活動を避けてください。冷静を保つことで、無謀な決定を避けることができます。夕方には疲れを感じる可能性が高いです。",暗闇が深まり、人々は弱まり、エネルギーは枯渇しています。神経の緊張が高まることが予想されます。ストレスの蓄積、抑うつ気分、不安、疲労のリスクがあります。,ビジネス、取引、交渉にとって最も好ましくない日です。この分野でのあらゆるイニシアチブは、ほぼ間違いなく欺瞞的または無駄になるでしょう。今日は新しい取引を始めないでください。以前に始めた案件を完了することも避けてください。間違いを犯したり、不運に見舞われる可能性があります。何かに一生懸命取り組んできた場合、その努力を一日で無駄にするのは非常に残念です。今日は財務業務を行うには最も好ましくない日です。貸し借りや重要な文書への署名を避け、大金を持ち歩かないようにしてください。,体内から浄化することをお勧めします。断食を試み、謙虚さと悔い改めを実践してください。食事は主に焼き菓子 - パイ、パンケーキ、その他の小麦製品で構成されるべきです。自宅で焼かれたものであれば非常に良いでしょう。就寝前にシャワーを浴びることをお勧めします。今日は非常に冷たい水に足を浸すことが有益です。,"29日の月は、ヘアスタイルをリフレッシュするのに適しています。今日、好きな髪型にカットすれば、満足できるでしょう。

アドバイス。今日髪を切ることで、より多くのエネルギーを節約できます。その後、蓄えたエネルギーは髪と頭皮の健康に役立ちます。髪型を変えることで、悪いものをすべて追い払うことができます。

ネガティブなエネルギーがあなたの生活から去ります。周囲の人々はそれを感じ、あなたに引き寄せられるでしょう。自分を信じて、新しい展望が開かれるでしょう。何もする必要はなく、善があなたの手に流れ込んでくるでしょう。今日はヘアエクステンションを外すのに適しています。最近髪を切ったが、スタイルを更新したい場合は、今日は髪を洗い、毛先を切ってください。リラックスしたバスに入り、水があなたを浄化するのを感じてください。

カラーリングは避けた方が良いでしょう。そうしないと、次の月の間に金銭的な問題が発生します。

次の月に自然のエネルギーを引き寄せるために、髪型を試すことができます。",全体的に、この日は非常に神経質であり、さまざまな喧嘩、意見の不一致、スキャンダル、敵意、怒り、嫉妬、その他のネガティブな感情や出来事を引き起こす可能性があります。状況がヒートアップしている場合は、必ずタイミングよく止めてください。今日始まった不和は、何年も続く可能性があります。偽のつながりを断ち、迷惑な人々や煩わしい思考を追い払うべきです。今日は侮辱されるかもしれませんが、復讐の考えが心に忍び込むのを許さないでください。この感情は心を荒廃させ、精神を消耗させます。,"結婚するには悪い時期です。結婚の日を延期することをお勧めします。なぜなら、1日後に別の月のサイクルが始まり、より好ましい時期を選ぶことができるからです。

この日に結婚する人々の関係や家庭生活は問題に満ちています。困難を通じて強くなるカップルもいますが、29日の月に結婚したカップルはそうではありません。

この日は結婚や離婚には適していません。",29日の月に生まれた人々にとって、人生は常に闘争と探求です。幸せな運命の道に出るためには、すべての幻想を乗り越え、いくつかの傷や打撲を受け、すべてを尊厳を持って乗り越える必要があります。そうすれば、彼らは平和と長寿を手に入れる運命にあります。,この日の複雑なエネルギーから自分を守ってください。家を明るく温かく保ちましょう。電気の他に、キャンドルを灯してください。また、野生のローズマリーで部屋を燻蒸することもできます。いずれにせよ、暗い部屋を避けてください。食事を制限し、セックスを控えることをお勧めします。空虚で煩わしい人々を避けてください。就寝前には必ずシャワーを浴び、どうか水があなたからすべての異質で悪い、暗いエネルギーを洗い流していると想像してください。,この日に計画を立てたり、新しいことを始めたりすることは避けてください。最も好ましいことは、シンプルな日常の家事を行うことです。どんな約束、噂、未来の予測も信じないでください。それらはすべて安っぽいものです。キッチンでの作業から通りを渡ることまで、文字通りすべての行動に注意が必要です。この日は多くの事故や犯罪が発生すると推定されています。,"この月の日の夢は恐ろしいものや不快なものになる可能性がありますが、幸いにもしばしば欺瞞的です。

29日の月の夢は、全体的に非常にネガティブです。日中は意識の流れ、感情や感覚をコントロールすることができても、夢の中ではそうはいきません。したがって、あなたのポジティブな面とネガティブな面が夢の中で明らかになり、この重要な情報を考慮する必要があります。

夢の中のイメージは正しく解釈する必要があります。これらは、現在の問題を理解し、困難な状況を解決するために重要ですので、プロの夢解釈者のアドバイスを受けてください。彼らは夢が示す問題を正確に教えてくれるでしょう。受け取った情報の正確さに驚くことでしょう。そして、早くそれを理解すればするほど、問題を解決するのも早くなります。

あなたの一日がどうなるかは、あなた次第です。感情を管理する方法を知っていれば、この日の重いエネルギーはあなたを避けるでしょう。","今日は、もう使わないものを捨て、古いものを壊すのに良い日です。今日は美容院を訪れるのはかなり良い決断です。キューティクルを整え、マニキュアを施すことで、爪の剥がれや脆さを防ぐことができます。また、この日に行ったマニキュアは、他者の目におけるあなたの権威を強化するのに役立ちます。キューティクルと一緒に、月の間に蓄積されたネガティブなエネルギーの一部を「切り落とす」ことになります。爪の長さを変える予定がなければ、普段のネイルポリッシュの色を変えてみてください。これにより、全体的な外見を変えることができ、異性や同僚、友人の注目を引くことができます。また、この日に爪のデザインを変更することで、あなたの生活に富を引き寄せ、ビジネスや個人的な領域のすべての努力に幸運をもたらすことができます。

しかし、エクステンションや複雑なカラーリングを行う意味はありません。これにより、愛する人との大きな喧嘩を引き起こす可能性があります。同様の理由から、この期間中は治療的または修復的な性質の手続きを避けることをお勧めします。

アドバイス。サロンに行く際は、切った爪と一緒に問題や失敗を置いていく準備をしてください。爪の長さを短くすることを恐れないでください。これにより、ネガティブなものを取り除き、次の月全体に幸運をもたらすことができます。

この日のポジティブな影響：

今日は退屈なものを取り除くのに最適な日です。今日行ったマニキュアは非常に有益で、幸運と繁栄をもたらします。普段の爪のデザインを変更することで、外見だけでなく、人生全般に良い変化をもたらします。


この日のネガティブな影響：
爪に派手な色を使うことは避けてください。結果は満足できず、手続きは対立や苛立ちを引き起こします。",この月の日には、肉製品、アルコール飲料、タバコを除外することをお勧めします。疑わしい食品を避け、新しいエキゾチックな料理を試さないでください。この日は中毒の危険があります。ベジタリアンの選択肢を含めてください。断食に適した日です。,29日の月の日には、購入を避けることをお勧めします。この日に購入したものは、品質が悪いか、長持ちしない可能性が高いです。,"29日の月の日は、以下に適しています：
木や低木の剪定、損傷したり病気の枝や枯れた枝を取り除くこと。害虫や雑草に対する植物のスプレー。

29日の月の日には推奨されません：
植え付け、接ぎ木。土を耕すこと、掘ること。植物の根に関する作業。"
30,"ここで言及すべきは、すべての月にこの月の満ち欠けの日があるわけではないということです。この日は今月で最も静かで軽やかな日です。愛、許し、告白の日です。取引を完了し、月全体を振り返り、借金を返済し、そして何よりも新しい月のサイクルに入る準備をするのに好都合です。

30日の月は短く、数時間または数分しか続かないことがあります。さらに、月のサイクルに全く存在しないこともあります。しかし、もしサイクルに存在するなら、これは良い兆しです。この日は非常に調和が取れていて明るく、良い気分と優れた健康が誰にでも保証されます。あなたは直感的にこの日の軽やかでポジティブなエネルギーを感じ、それと融合するでしょう。

30日の月は、月のサイクルの重要な瞬間（新月）に最も近いです。前の日とは異なり、純粋にポジティブなエネルギーをもたらします。この事実を見逃さず、ただその瞬間を楽しみ、それを自分の利益に活用してください。あなたは憎しみや苛立ちから解放され、何を始めても上手くいくことを感じるでしょう。これが30日の月の現れです。",直感が鋭くなり、先見の贈り物が明らかになります。真実の予感が得られる可能性があります。,この日は交渉や新しい取引を始めるのには好都合ではありません。この日、あなたは過去の行動の成果を見るかもしれません。今月取り組んできた何かが形になる準備が整っています。この期間は創造的な取り組みに好都合です：新しいものを発見したり創造したりするチャンスがあります。この日は借金を返済するのに最適です。,最愛の人々や自分の健康に注意を払いましょう。今日は軽い食事を選んでください。,"30日の月に髪を切ることはお勧めできません。髪は次の月のためにエネルギーを保つべきであり、何らかの介入は害を及ぼします。切った後、髪は魅力を失い、長い間伸びるのに時間がかかります。

他の変更：髪のエクステンション、カール、ストレートも今日には不適切です。髪を疲れさせ、構造を損なうことになり、その後回復に長い時間がかかります。今日髪がエネルギーを浪費すると、あなたのカルマに大きな影響を与え、一連の不快な出来事を引き寄せます。

他の面では非常に快適な日になるでしょう。新しいドレスを買ったり、小さな花で髪を飾ったりして、気分を良くし、エネルギーの場を豊かにしましょう。

髪の染色はお勧めできません。そうしないと、多くの望ましくないトラブルが起こります。

異常なヘアスタイルは月の素敵な締めくくりになります。",この日は古い友人に会ったり、家族の集まりを楽しんだりするのに最適です。,今日は結婚には適した日ではありません。月の終わりに始まる結婚は短命である運命にあり、近い将来に離婚することになります。パートナーは運命の困難に耐えられず、最初の障害で船は沈むでしょう。,30日の月に生まれた人は、自分の健康に最大限の注意を払う必要があります。,この日は自分の事務を最終化し、思索し、人々と喜びを分かち合い、借金を返済し、寛大であるのに好都合です。家を整頓し、タリスマンを持つことを考えてみてください。,月の終わりに感謝し、対立を避け、喧嘩した人々と仲直りを試みてください。新しい月の期間に入る準備をしましょう。シャワーや温かいお風呂を取ってください。,"30日の月には、軽やかで楽しい夜の夢が期待されます。これらはあなたに力を蓄え、リラックスし、ポジティブなエネルギーを得ることを許します。これらの夢は、あなたが解釈する必要のある特定のサインを持っています。

今日の夢は、通常、実現するだけでなく、大きな喜びをもたらします。

それらは、あなたが生きた月の結果についての情報を持っています。正しい解釈を行うことで、あなたがどこで間違えたのか、これがあなた自身や周囲の人々にどのような影響を与えたのか、そしてそれを修正することが可能かどうかを正確に知ることができます。しかし、これにこだわらないでください：夢の中のイメージから得た教訓は、将来非常に役立つでしょう。これにより、次の月の損失を避けることができます。
30日の月ほどポジティブなエネルギーを持つ日はありません。必ずこれを自分のために活用し、明るい思考で新しい月のサイクルに入ってください。","外見に劇的な変化を加えることは避けてください。失望する可能性が高いです。今日は爪に関わる作業を避けてください。爪を少し切るだけでも、不運や愛する人との喧嘩を引き起こす可能性があります。

今日、外見を変えたいという欲望に抵抗できない場合は、爪の形やコーティングの色に関する小さな操作を選んでください。しかし、重要な変更は避けてください。そうしないと、爪の健康が悪化するだけでなく、全体のイメージにも悪影響を及ぼします。この日、外見に関する重大な実験は失敗を引き起こします。

この日のポジティブな影響：

この日は外見に関する小さな操作に適しています；

この日のネガティブな影響：

爪を切ることは推奨されません。失敗を引き寄せ、カルマのつながりを乱す高い確率があるためです；複雑な爪の染色やエクステンションは行わないでください。これは災害的な結果を引き起こすことが保証されています。",軽い食事を優先してください。重い食事や粗い食事は今日危険です。食事には野菜や酸味のある甘い果物を多く含め、少しの甘いものも許可されています。,30日には、プレゼントとしての目的でのみ物を買うことが望ましいです。自分を甘やかすために何かを買うことに決めた場合、その物はあなたが思ったほどの喜びをもたらさないかもしれません。,"30日の月は以下に好都合です：
木や低木の剪定。

30日の月にはお勧めできないこと：
播種作業、耕し。掘ること。庭の道具を使った作業。"
